TIMESTAMP_START,TIMESTAMP_END,P_F,TA_F,SW_IN_F,VPD_F,WS_F,USTAR,PPFD_IN,CO2_F,PA_F,RH,SW_IN_FC,Salinity_ppt,SapFlux_mangrove_5mm (g/m2-sapwood/s),SapFlux_mangrove2,Sapflux_L/h,Sapwood depth ,DBH,area,hardwood area,SA_cm2,SA_m2
4/28/2010 0:00,4/28/2010 0:30,0,18.25,-7.49,8.026,7.3,0.199,0,403.4,100,62.92,,,0,0,0,1.4,4,12.56637061,5.309291585,7.25707903,0.000725708
4/28/2010 0:30,4/28/2010 1:00,0,18.05,-10.12,7.529,7.3,0.2201,0,406.76,100,64.94,,,0,0,0,,,,,,
4/28/2010 1:00,4/28/2010 1:30,0,17.92,-8.75,8.14,7,0.2583,0,412.91,100,62.07,,,0,0,0,,,,,,
4/28/2010 1:30,4/28/2010 2:00,0,17.87,-15.77,8.18,7,0.2641,0,419.72,100,61.99,,,0,0,0,,,,,,
4/28/2010 2:00,4/28/2010 2:30,0,17.97,-10.1,8.927,6.6,0.2721,0,430.4,100,59.6,,,0,0,0,,,,,,
4/28/2010 2:30,4/28/2010 3:00,0,18.07,-19.28,8.451,6.6,0.3817,0,428.97,100,61.62,,,0,0,0,,,,,,
4/28/2010 3:00,4/28/2010 3:30,0,18.1,-22.93,7.811,6.3,0.3069,0,435.48,100,64.03,,,0,0,0,,,,,,
4/28/2010 3:30,4/28/2010 4:00,0,18.05,-15.04,7.399,6.3,0.3273,0,448.65,100,65.65,,,0,0,0,,,,,,
4/28/2010 4:00,4/28/2010 4:30,0,17.84,-31.87,7.463,6.3,0.2858,0,464.89,100,64.55,,,0,0,0,,,,,,
4/28/2010 4:30,4/28/2010 5:00,0,17.62,-34.89,7.316,6.3,0.304,0,472.37,100,64.82,,,0,0,0,,,,,,
4/28/2010 5:00,4/28/2010 5:30,0,17.34,-9.8,6.718,6,0.318,0,463,100,67.27,,,0,0,0,,,,,,
4/28/2010 5:30,4/28/2010 6:00,0,17.06,33.12,6.295,6,0.305,0.02,465.23,100,68.71,,,0.007981958,0.007981958,2.08533E-05,,,,,,
4/28/2010 6:00,4/28/2010 6:30,0,16.89,76,6.294,6.3,0.3058,0.03,442.35,100,68.94,,,0.165724051,0.165724051,0.000432962,,,,,,
4/28/2010 6:30,4/28/2010 7:00,0,16.81,120.3,6.451,6.3,0.2233,6.43,417.15,100,68.2,,,0.216224868,0.216224868,0.000564898,,,,,,
4/28/2010 7:00,4/28/2010 7:30,0,16.98,239.6,7.026,7.8,0.2785,79.82,402.08,100,65.84,,,0.254068286,0.254068286,0.000663766,,,,,,
4/28/2010 7:30,4/28/2010 8:00,0,17.79,345.1,8.304,7.8,0.1614,228.5,386.38,100,61.65,,,0.326486966,0.326486966,0.000852963,,,,,,
4/28/2010 8:00,4/28/2010 8:30,0,19.1,434.1,9.256,9.8,0.1048,442.9,375.76,100,59.17,,,1.20251385,1.20251385,0.003141626,,,,,,
4/28/2010 8:30,4/28/2010 9:00,0,21.02,461.2,10.614,9.8,0.095,690.35,370.85,100,55.57,,,2.277070931,2.277070931,0.005948958,,,,,,
4/28/2010 9:00,4/28/2010 9:30,0,23.1,508,11.194,10.6,0.078,833.2,367.52,100,54.31,,,3.346388257,3.346388257,0.008742601,,,,,,
4/28/2010 9:30,4/28/2010 10:00,0,23.1,587.2,11.978,10.6,0.0758,1072.5,375.49,100,52.41,,,4.322823663,4.322823663,0.011293586,,,,,,
4/28/2010 10:00,4/28/2010 10:30,0,25.61,634.1,13.075,11.2,0.0743,1415,374.62,100,49.75,,,5.701905908,5.701905908,0.014896505,,,,,,
4/28/2010 10:30,4/28/2010 11:00,0,29.08,661.7,13.357,11.2,0.0908,1586,371,100,49.98,,,5.071407245,5.071407245,0.013249297,,,,,,
4/28/2010 11:00,4/28/2010 11:30,0,32.37,684.8,14.057,11.4,0.0574,1745.5,370.2,100,47.35,,,4.703475095,4.703475095,0.012288057,,,,,,
4/28/2010 11:30,4/28/2010 12:00,0,35.08,699.3,13.84,11.4,0.0369,1871,370.07,100,48.5,,,5.292220513,5.292220513,0.013826183,,,,,,
4/28/2010 12:00,4/28/2010 12:30,0,37.14,702,12.924,12,0.0865,1963.5,369.57,100,51.71,,,6.515182684,6.515182684,0.01702123,,,,,,
4/28/2010 12:30,4/28/2010 13:00,0,38.95,692.5,13.198,12,0.0196,2024.5,369.03,100,50.63,,,6.027959492,6.027959492,0.015748336,,,,,,
4/28/2010 13:00,4/28/2010 13:30,0,40.49,664.1,13.983,12,0.0214,2050.5,369.05,100,48.19,,,5.640839713,5.640839713,0.014736967,,,,,,
4/28/2010 13:30,4/28/2010 14:00,0,41.77,637.4,13.306,12,0.0257,2016,370.21,100,51.76,,,5.632858066,5.632858066,0.014716115,,,,,,
4/28/2010 14:00,4/28/2010 14:30,0,42.8,548.8,14.374,12,0.0578,2022,370.16,100,48.86,,,5.838910254,5.838910254,0.015254436,,,,,,
4/28/2010 14:30,4/28/2010 15:00,0,43.51,505.6,14.621,12,0.033,1959,370.75,100,48.1,,,5.165090939,5.165090939,0.01349405,,,,,,
4/28/2010 15:00,4/28/2010 15:30,0,43.97,404.2,15.325,11.8,0.0226,1840,370.76,100,46.56,,,4.457278723,4.457278723,0.011644857,,,,,,
4/28/2010 15:30,4/28/2010 16:00,0,43.71,337.1,15.88,11.8,0.0195,1705.5,369.74,100,44.86,,,4.304913889,4.304913889,0.011246796,,,,,,
4/28/2010 16:00,4/28/2010 16:30,0,43,267.8,15.078,11.4,0.025,1349,368.91,100,46.68,,,3.158988037,3.158988037,0.008253009,,,,,,
4/28/2010 16:30,4/28/2010 17:00,0,42.01,180.3,13.88,11.4,0.047,1365,368.74,100,50.8,,,2.596943532,2.596943532,0.006784641,,,,,,
4/28/2010 17:00,4/28/2010 17:30,0,40.63,-0.901,14.734,11,0.0546,1162,368.86,100,47.33,,,2.169787097,2.169787097,0.005668674,,,,,,
4/28/2010 17:30,4/28/2010 18:00,0,38.68,21.57,14.006,11,0.0724,856.3,369.84,100,49.14,,,2.13682569,2.13682569,0.005582561,,,,,,
4/28/2010 18:00,4/28/2010 18:30,0,35.8,-27.1,12.515,10.3,0.0654,463,370.16,100,52.32,,,1.212366743,1.212366743,0.003167367,,,,,,
4/28/2010 18:30,4/28/2010 19:00,0,33.51,-59.82,13.367,10.3,0.06,502.55,374.18,100,49.93,,,0.396090378,0.396090378,0.001034805,,,,,,
4/28/2010 19:00,4/28/2010 19:30,0,31.47,-63.96,12.198,8.8,0.0463,284.3,375.76,100,53.33,,,0.500811056,0.500811056,0.001308393,,,,,,
4/28/2010 19:30,4/28/2010 20:00,0,28.53,-62.3,10.886,8.8,0.0305,71.54,377.78,100,56.07,,,0.177601817,0.177601817,0.000463993,,,,,,
4/28/2010 20:00,4/28/2010 20:30,0,25.49,-55.84,9.604,8.5,0.061,4.54,378.26,100,58.94,,,0,0,0,,,,,,
4/28/2010 20:30,4/28/2010 21:00,0,23.18,-55.72,8.64,8.5,0.0223,0,381,100,62.25,,,0,0,0,,,,,,
4/28/2010 21:00,4/28/2010 21:30,0,21.62,-58.75,9.194,8.3,0.0333,0,386.24,100,60.18,,,0,0,0,,,,,,
4/28/2010 21:30,4/28/2010 22:00,0,20.56,-56.29,8.984,8.3,0.0185,0,396.8,100,61.23,,,0,0,0,,,,,,
4/28/2010 22:00,4/28/2010 22:30,0,19.86,-54.81,8.926,8,0.0112,0,394.34,100,61.55,,,0,0,0,,,,,,
4/28/2010 22:30,4/28/2010 23:00,0,19.39,-53.82,9.046,8,0.0149,0,399.34,100,61.26,,,0,0,0,,,,,,
4/28/2010 23:00,4/28/2010 23:30,0,19.08,-56.13,8.352,7.6,0.0872,0,417.94,100,64.21,,,0,0,0,,,,,,
4/28/2010 23:30,4/29/2010 0:00,0,18.87,-60.93,8.563,7.6,0.0954,0,415.18,100,63.45,,,0,0,0,,,,,,
4/29/2010 0:00,4/29/2010 0:30,0,18.79,-62.02,8.331,7.3,0.1155,0,403.4,100,64.65,,,0,0,0,,,,,,
4/29/2010 0:30,4/29/2010 1:00,0,18.74,-59.21,8.299,7.3,0.0956,0,406.76,100,64.83,,,0,0,0,,,,,,
4/29/2010 1:00,4/29/2010 1:30,0,18.64,-54.16,8.245,7,0.1289,0,412.91,100,64.92,,,0,0,0,,,,,,
4/29/2010 1:30,4/29/2010 2:00,0,18.33,-51.27,7.971,7,0.1622,0,419.72,100,65.41,,,0,0,0,,,,,,
4/29/2010 2:00,4/29/2010 2:30,0,17.92,-48.6,7.346,6.6,0.1005,0,430.4,100,67.62,,,0,0,0,,,,,,
4/29/2010 2:30,4/29/2010 3:00,0,17.41,-50.02,6.512,6.6,0.2403,0,428.97,100,70.11,,,0,0,0,,,,,,
4/29/2010 3:00,4/29/2010 3:30,0,16.84,-48.74,5.702,6.3,0.2743,0,435.48,100,73.01,,,0,0,0,,,,,,
4/29/2010 3:30,4/29/2010 4:00,0,16.69,-46.86,6.63,6.3,0.2084,0,448.65,100,70.02,,,0,0,0,,,,,,
4/29/2010 4:00,4/29/2010 4:30,0,16.66,-28.47,6.995,6.2,0.2512,0,464.89,100,68.6,,,0.010928702,0.010928702,2.85518E-05,,,,,,
4/29/2010 4:30,4/29/2010 5:00,0,16.76,-31.32,7.042,6.2,0.222,0,472.37,100,69.36,,,0.074287893,0.074287893,0.000194081,,,,,,
4/29/2010 5:00,4/29/2010 5:30,0,16.89,-1.465,7.006,6,0.1213,0,463,100,69.7,,,0.128406972,0.128406972,0.000335469,,,,,,
4/29/2010 5:30,4/29/2010 6:00,0,17.01,34.07,7.194,6,0.1684,0,465.23,100,69.02,,,0.165313085,0.165313085,0.000431888,,,,,,
4/29/2010 6:00,4/29/2010 6:30,0,17.19,68.57,7.128,6.3,0.2746,0,442.35,100,69.36,,,0.319746072,0.319746072,0.000835352,,,,,,
4/29/2010 6:30,4/29/2010 7:00,0,17.41,158.2,7.012,6.3,0.266,7.36,417.15,100,70.12,,,0.750264964,0.750264964,0.001960104,,,,,,
4/29/2010 7:00,4/29/2010 7:30,0,17.97,234.1,7.428,7.8,0.2809,79.77,402.08,100,69.34,,,1.725306588,1.725306588,0.004507447,,,,,,
4/29/2010 7:30,4/29/2010 8:00,0,19.42,317.1,7.893,7.8,0.2559,263.85,386.38,100,68.83,,,2.498570001,2.498570001,0.006527635,,,,,,
4/29/2010 8:00,4/29/2010 8:30,0,21.45,400,8.137,9.8,0.1409,486.75,375.76,100,68.8,,,4.361168131,4.361168131,0.011393763,,,,,,
4/29/2010 8:30,4/29/2010 9:00,0,23.81,469.7,8.678,9.8,0.0708,724.8,370.85,100,67.92,,,6.685791106,6.685791106,0.017466953,,,,,,
4/29/2010 9:00,4/29/2010 9:30,0,26.37,540,8.785,10.6,0.0485,961.5,367.52,100,68.22,,,8.162759172,8.162759172,0.021325604,,,,,,
4/29/2010 9:30,4/29/2010 10:00,0,28.82,435.6,9.347,10.6,0.063,1186.5,364.68,100,66.94,,,9.290826564,9.290826564,0.024272735,,,,,,
4/29/2010 10:00,4/29/2010 10:30,0,31.12,383.8,8.389,11.1,0.0625,1394.5,364.72,100,70.18,,,10.0227892,10.0227892,0.026185022,,,,,,
4/29/2010 10:30,4/29/2010 11:00,0,33.06,591.2,8.784,11.1,0.045,1577,364.37,100,68.99,,,9.521071915,9.521071915,0.024874262,,,,,,
4/29/2010 11:00,4/29/2010 11:30,0,35.04,477.1,8.794,11.3,0.0777,1736.5,363.45,100,69.59,,,9.291261872,9.291261872,0.024273872,,,,,,
4/29/2010 11:30,4/29/2010 12:00,0,36.57,374.1,8.582,11.3,0.0758,1858.5,363.4,100,70.51,,,9.846500009,9.846500009,0.025724458,,,,,,
4/29/2010 12:00,4/29/2010 12:30,0,37.52,436,8.102,12,0.0559,1962.5,361.96,100,71.95,,,9.859851552,9.859851552,0.02575934,,,,,,
4/29/2010 12:30,4/29/2010 13:00,0,38.25,302.5,7.553,12,0.1064,2013.5,361.88,100,73.9,,,10.23464976,10.23464976,0.026738518,,,,,,
4/29/2010 13:00,4/29/2010 13:30,0,38.73,260.9,7.914,11.9,0.0507,1980,363.08,100,72.8,,,9.964651271,9.964651271,0.026033134,,,,,,
4/29/2010 13:30,4/29/2010 14:00,0,39.08,282.1,8.192,11.9,0.0465,2019.5,360.83,100,72.13,,,10.14491865,10.14491865,0.026504092,,,,,,
4/29/2010 14:00,4/29/2010 14:30,0,39.22,136.9,7.989,12,0.0605,1985,359.38,100,72.85,,,10.37999129,10.37999129,0.02711823,,,,,,
4/29/2010 14:30,4/29/2010 15:00,0,39.17,100.7,8.157,12,0.0533,1933,361.02,100,72.39,,,9.865216053,9.865216053,0.025773355,,,,,,
4/29/2010 15:00,4/29/2010 15:30,0,39.13,77.9,7.576,11.7,0.0322,1870,362.67,100,74.4,,,9.230057738,9.230057738,0.024113973,,,,,,
4/29/2010 15:30,4/29/2010 16:00,0,38.64,59.67,7.202,11.7,0.0299,1549,360.75,100,75.56,,,8.960677613,8.960677613,0.023410204,,,,,,
4/29/2010 16:00,4/29/2010 16:30,0,37.74,101.8,7.167,11.3,0.0307,1432.5,357.5,100,75.57,,,7.626821407,7.626821407,0.01992544,,,,,,
4/29/2010 16:30,4/29/2010 17:00,0,37.1,81.9,6.968,11.3,0.0193,1328,360.31,100,76.36,,,7.359086998,7.359086998,0.019225971,,,,,,
4/29/2010 17:00,4/29/2010 17:30,0,35.92,37.1,6.507,11,0.0437,994,363.2,100,77.46,,,6.543273951,6.543273951,0.01709462,,,,,,
4/29/2010 17:30,4/29/2010 18:00,0,34.38,0.414,6.368,11,0.028,834.75,367.37,100,77.74,,,5.324399305,5.324399305,0.013910251,,,,,,
4/29/2010 18:00,4/29/2010 18:30,0,32.48,-63.08,5.169,10.2,0.0269,446.85,367.48,100,81.5,,,4.48886575,4.48886575,0.011727379,,,,,,
4/29/2010 18:30,4/29/2010 19:00,0,30.36,-31.82,4.667,10.2,0.0445,284.25,372.88,100,83.05,,,3.425331205,3.425331205,0.008948844,,,,,,
4/29/2010 19:00,4/29/2010 19:30,0,28.36,-33.96,4.155,8.8,0.0324,94.14,376.67,100,84.7,,,3.004530691,3.004530691,0.007849482,,,,,,
4/29/2010 19:30,4/29/2010 20:00,0,26.87,-50.7,4.066,8.8,0.0501,35.17,380.75,100,85,,,2.7364013,2.7364013,0.007148981,,,,,,
4/29/2010 20:00,4/29/2010 20:30,0,25.79,-41,3.948,8.5,0.0251,2.54,385.26,100,85.4,,,2.75852687,2.75852687,0.007206785,,,,,,
4/29/2010 20:30,4/29/2010 21:00,0,24.89,-64.51,3.77,8.5,0.211,0,391.35,100,86.05,,,3.019341033,3.019341033,0.007888175,,,,,,
4/29/2010 21:00,4/29/2010 21:30,0,24.25,-54.87,3.49,8.3,0.0381,0,391.94,100,87.1,,,3.07254864,3.07254864,0.008027182,,,,,,
4/29/2010 21:30,4/29/2010 22:00,0,23.78,-55.72,3.626,8.3,0.079,0,398.3,100,86.7,,,2.38017283,2.38017283,0.006218317,,,,,,
4/29/2010 22:00,4/29/2010 22:30,0,23.58,-57.31,3.788,8,0.1016,0,394.05,100,86.25,,,1.944164167,1.944164167,0.005079223,,,,,,
4/29/2010 22:30,4/29/2010 23:00,0,23.38,-60.05,3.697,8,0.1055,0,395.65,100,86.6,,,1.732269892,1.732269892,0.004525639,,,,,,
4/29/2010 23:00,4/29/2010 23:30,0,23.18,-52.65,3.744,7.5,0.0887,0,398.73,100,86.4,,,1.440801938,1.440801938,0.003764165,,,,,,
4/29/2010 23:30,4/30/2010 0:00,0,23.1,-51.48,4.056,7.5,0.0655,0,420.36,100,85.35,,,1.240283866,1.240283866,0.003240302,,,,,,
4/30/2010 0:00,4/30/2010 0:30,0,23.04,-49.64,4.73,7.2,0.0539,0,420.52,100,82.95,,,0,0,0,,,,,,
4/30/2010 0:30,4/30/2010 1:00,0,23.07,-50.92,5.036,7.2,0.1225,0,431.6,100,81.85,,,0,0,0,,,,,,
4/30/2010 1:00,4/30/2010 1:30,0,23.18,-51.28,4.65,7,0.1451,0,448.91,100,83.25,,,0,0,0,,,,,,
4/30/2010 1:30,4/30/2010 2:00,0,23.18,-52.79,4.343,7,0.1567,0,425.03,100,84.3,,,0,0,0,,,,,,
4/30/2010 2:00,4/30/2010 2:30,0,23.12,-51.07,4.429,6.6,0.2077,0,435.04,100,83.95,,,0,0,0,,,,,,
4/30/2010 2:30,4/30/2010 3:00,0,23.07,-55.97,4.473,6.6,0.3035,0,453.51,100,83.85,,,0,0,0,,,,,,
4/30/2010 3:00,4/30/2010 3:30,0,23.01,-60.82,4.269,6.3,0.2355,0,446.9,100,84.6,,,0,0,0,,,,,,
4/30/2010 3:30,4/30/2010 4:00,0,23.1,-61.13,4.124,6.3,0.2715,0,428.04,100,85.2,,,0,0,0,,,,,,
4/30/2010 4:00,4/30/2010 4:30,0,23.18,-60.67,3.892,6.3,0.2419,0,413.16,100,86.05,,,0,0,0,,,,,,
4/30/2010 4:30,4/30/2010 5:00,0,23.15,-53.07,3.618,6.3,0.283,0,408.36,100,87,,,0,0,0,,,,,,
4/30/2010 5:00,4/30/2010 5:30,0,23.1,-32.95,3.502,6,0.2716,0,410.56,100,87.4,,,0,0,0,,,,,,
4/30/2010 5:30,4/30/2010 6:00,0,23.04,4.237,3.375,6,0.2902,0,413.11,100,87.85,,,0,0,0,,,,,,
4/30/2010 6:00,4/30/2010 6:30,0,23.04,80.5,3.26,6.3,0.2464,0,408.22,100,88.25,,,0,0,0,,,,,,
4/30/2010 6:30,4/30/2010 7:00,0,23.15,159.5,3.479,6.3,0.2985,6.23,395.8,100,87.6,,,0.073334207,0.073334207,0.000191589,,,,,,
4/30/2010 7:00,4/30/2010 7:30,0,23.38,243.4,3.689,7.8,0.3067,42.29,384.79,100,87.05,,,0.235209371,0.235209371,0.000614496,,,,,,
4/30/2010 7:30,4/30/2010 8:00,0,23.87,326.5,3.684,7.8,0.2338,143.65,373.24,100,87.15,,,0.164843979,0.164843979,0.000430663,,,,,,
4/30/2010 8:00,4/30/2010 8:30,0,24.51,408,3.882,9.8,0.2465,163.1,371.93,100,86.6,,,0.247012863,0.247012863,0.000645333,,,,,,
4/30/2010 8:30,4/30/2010 9:00,0,25.1,476.8,4.101,9.8,0.2117,219.55,373.48,100,86,,,0.264245616,0.264245616,0.000690354,,,,,,
4/30/2010 9:00,4/30/2010 9:30,0,26.04,541.7,4.707,10.6,0.1381,477.75,373.43,100,84.25,,,0.406184489,0.406184489,0.001061177,,,,,,
4/30/2010 9:30,4/30/2010 10:00,0,27.25,588.3,5.078,10.6,0.0821,576.8,373.06,100,83.35,,,1.046206304,1.046206304,0.002733265,,,,,,
4/30/2010 10:00,4/30/2010 10:30,0,28.23,634.8,5.209,11.1,0.0719,562.4,369.3,100,83.1,,,1.496482913,1.496482913,0.003909634,,,,,,
4/30/2010 10:30,4/30/2010 11:00,0,28.99,666.9,5.349,11.1,0.0555,652.75,369.61,100,82.8,,,1.814159922,1.814159922,0.004739581,,,,,,
4/30/2010 11:00,4/30/2010 11:30,0,29.75,688.7,5.36,11.3,0.0199,687.3,370.52,100,82.9,,,2.003477231,2.003477231,0.005234181,,,,,,
4/30/2010 11:30,4/30/2010 12:00,0,30.53,702,5.444,11.3,0.0573,773,371.38,100,82.85,,,2.24282205,2.24282205,0.005859481,,,,,,
4/30/2010 12:00,4/30/2010 12:30,0,30.98,691,5.526,11.9,0.0412,712.2,370.93,100,82.7,,,2.383936876,2.383936876,0.006228151,,,,,,
4/30/2010 12:30,4/30/2010 13:00,0,31.05,604.8,4.995,11.9,0.0829,603.05,371,100,84.35,,,2.021834389,2.021834389,0.00528214,,,,,,
4/30/2010 13:00,4/30/2010 13:30,0,31.23,683.9,5.454,11.9,0.1115,750.65,370.45,100,83.05,,,1.654731508,1.654731508,0.004323066,,,,,,
4/30/2010 13:30,4/30/2010 14:00,0,32.19,565.1,6.066,11.9,0.1761,917.5,369.63,100,81.8,,,2.391636246,2.391636246,0.006248266,,,,,,
4/30/2010 14:00,4/30/2010 14:30,0,32.92,525,6.124,11.9,0.2429,944.5,369.24,100,81.6,,,2.941825635,2.941825635,0.007685662,,,,,,
4/30/2010 14:30,4/30/2010 15:00,0,33.92,488.5,6.593,11.9,0.2234,1069,368.56,100,80.5,,,3.430633953,3.430633953,0.008962697,,,,,,
4/30/2010 15:00,4/30/2010 15:30,0,34.34,405.9,6.056,11.7,0.3355,950,367.67,100,81.95,,,3.512621924,3.512621924,0.009176895,,,,,,
4/30/2010 15:30,4/30/2010 16:00,0,34.34,334.2,5.965,11.7,0.2861,856.5,367.98,100,82.1,,,2.778144293,2.778144293,0.007258037,,,,,,
4/30/2010 16:00,4/30/2010 16:30,0,34.38,263.1,6.14,11.2,0.2449,834,368.13,100,81.75,,,2.269984671,2.269984671,0.005930445,,,,,,
4/30/2010 16:30,4/30/2010 17:00,0,33.89,193.4,5.509,11.2,0.3238,521.05,369.34,100,83.4,,,1.602661708,1.602661708,0.004187031,,,,,,
4/30/2010 17:00,4/30/2010 17:30,0,32.84,-2.148,5.05,11,0.3863,422.75,369.03,100,84.55,,,1.007812682,1.007812682,0.002632959,,,,,,
4/30/2010 17:30,4/30/2010 18:00,0,31.86,15.12,4.766,11,0.3606,359.55,369.97,100,85.3,,,0.391262213,0.391262213,0.001022191,,,,,,
4/30/2010 18:00,4/30/2010 18:30,0,30.91,-30.94,4.642,10.2,0.3472,259.25,371.02,100,85.6,,,0.454588911,0.454588911,0.001187636,,,,,,
4/30/2010 18:30,4/30/2010 19:00,0,29.99,-62.55,4.389,10.2,0.3003,170.5,373.86,100,86.25,,,0.167862711,0.167862711,0.000438549,,,,,,
4/30/2010 19:00,4/30/2010 19:30,0,29.12,-62.61,4.169,8.8,0.2807,102.05,376.79,100,86.8,,,0,0,0,,,,,,
4/30/2010 19:30,4/30/2010 20:00,0,28.2,-62.96,4.019,8.8,0.2805,37.02,379.03,100,87.15,,,0,0,0,,,,,,
4/30/2010 20:00,4/30/2010 20:30,0,27.34,-59.01,3.745,8.4,0.2987,4.08,382.37,100,87.9,,,0,0,0,,,,,,
4/30/2010 20:30,4/30/2010 21:00,0,26.65,-58.34,3.64,8.4,0.3025,0,383.73,100,88.2,,,0,0,0,,,,,,
4/30/2010 21:00,4/30/2010 21:30,0,26.04,-56.48,3.535,8.2,0.3681,0,386.12,100,88.5,,,0,0,0,,,,,,
4/30/2010 21:30,4/30/2010 22:00,0,25.64,-54.78,3.378,8.2,0.3547,0,383.61,100,88.95,,,0,0,0,,,,,,
4/30/2010 22:00,4/30/2010 22:30,0,25.31,-51.89,3.436,7.9,0.3219,0,409.06,100,88.75,,,0,0,0,,,,,,
4/30/2010 22:30,4/30/2010 23:00,0,25.1,-53.12,3.493,7.9,0.3524,0,416.42,100,88.55,,,0,0,0,,,,,,
4/30/2010 23:00,4/30/2010 23:30,0,24.95,-56.84,3.49,7.4,0.3546,0,417.87,100,88.55,,,0,0,0,,,,,,
4/30/2010 23:30,5/1/2010 0:00,0,24.84,-50.32,3.373,7.4,0.4208,0,412.05,100,88.9,,,0,0,0,,,,,,
5/1/2010 0:00,5/1/2010 0:30,0,24.78,-49.69,3.231,7.2,0.4103,0,415.61,100,89.35,,,0,0,0,,,,,,
5/1/2010 0:30,5/1/2010 1:00,0,24.72,-50.77,3.148,7.2,0.4493,0,411.59,100,89.6,,,0,0,0,,,,,,
5/1/2010 1:00,5/1/2010 1:30,0,24.69,-49.81,2.938,6.9,0.4374,0,413.47,100,90.25,,,0,0,0,,,,,,
5/1/2010 1:30,5/1/2010 2:00,0,24.72,-47.12,2.895,6.9,0.3882,0,430.64,100,90.4,,,0,0,0,,,,,,
5/1/2010 2:00,5/1/2010 2:30,0,24.75,-45.84,2.948,6.4,0.3709,0,430.99,100,90.25,,,0,0,0,,,,,,
5/1/2010 2:30,5/1/2010 3:00,0,24.81,-44.65,3.051,6.4,0.3276,0,426.13,100,89.95,,,0,0,0,,,,,,
5/1/2010 3:00,5/1/2010 3:30,0,24.89,-46.06,3.095,6.2,0.3409,0,420.23,100,89.85,,,0,0,0,,,,,,
5/1/2010 3:30,5/1/2010 4:00,0,24.95,-46.14,3.166,6.2,0.3028,0,406.01,100,89.65,,,0,0,0,,,,,,
5/1/2010 4:00,5/1/2010 4:30,0,25.04,-47.39,3.329,6.2,0.3231,0,415.49,100,89.2,,,0,0,0,,,,,,
5/1/2010 4:30,5/1/2010 5:00,0,25.1,-40.29,3.393,6.2,0.2985,0,445.64,100,89,,,0,0,0,,,,,,
5/1/2010 5:00,5/1/2010 5:30,0,25.16,-10.9,3.486,5.9,0.3446,0,430.41,100,88.7,,,0,0,0,,,,,,
5/1/2010 5:30,5/1/2010 6:00,0,25.22,34.83,3.487,5.9,0.3419,0,424.48,100,88.7,,,0,0,0,,,,,,
5/1/2010 6:00,5/1/2010 6:30,0,25.28,93.3,3.454,6.3,0.3072,0,413.05,100,88.75,,,0,0,0,,,,,,
5/1/2010 6:30,5/1/2010 7:00,0,25.19,163.2,3.424,6.3,0.3131,7.95,398.99,100,88.8,,,0.017883885,0.017883885,4.67225E-05,,,,,,
5/1/2010 7:00,5/1/2010 7:30,0,25.16,244.1,3.577,7.8,0.2778,77.16,380.4,100,88.3,,,0.093665685,0.093665685,0.000244706,,,,,,
5/1/2010 7:30,5/1/2010 8:00,0,25.46,324.9,4.122,7.8,0.2893,225.75,371.76,100,86.7,,,0.116853717,0.116853717,0.000305286,,,,,,
5/1/2010 8:00,5/1/2010 8:30,0,26.31,407.5,4.92,9.8,0.2421,429.35,369.9,100,84.55,,,0.516711744,0.516711744,0.001349934,,,,,,
5/1/2010 8:30,5/1/2010 9:00,0,27.63,482.1,5.846,9.8,0.2111,630.6,369.41,100,82.15,,,1.487813215,1.487813215,0.003886984,,,,,,
5/1/2010 9:00,5/1/2010 9:30,0,28.99,544.7,5.885,10.6,0.1836,674.6,368.72,100,82.15,,,2.428782749,2.428782749,0.006345313,,,,,,
5/1/2010 9:30,5/1/2010 10:00,0,30.09,606.4,6.196,10.6,0.1523,884,367.19,100,81.3,,,2.778527419,2.778527419,0.007259038,,,,,,
5/1/2010 10:00,5/1/2010 10:30,0,31.26,649.9,6.494,11.1,0.1178,959,366.44,100,80.6,,,3.863048171,3.863048171,0.010092401,,,,,,
5/1/2010 10:30,5/1/2010 11:00,0,31.86,681,6.085,11.1,0.0711,842.5,366.59,100,81.6,,,4.112742332,4.112742332,0.010744739,,,,,,
5/1/2010 11:00,5/1/2010 11:30,0,32.22,697.5,6.131,11.3,0.0517,740.75,366.85,100,81.4,,,2.735902622,2.735902622,0.007147678,,,,,,
5/1/2010 11:30,5/1/2010 12:00,0,33.66,710,6.734,11.3,0.0515,1315,367.51,100,80.15,,,3.705350179,3.705350179,0.009680407,,,,,,
5/1/2010 12:00,5/1/2010 12:30,0,36.4,702,7.433,11.7,0.0211,1853.5,368.46,100,78.98,,,6.713899996,6.713899996,0.017540389,,,,,,
5/1/2010 12:30,5/1/2010 13:00,0,38.42,679.2,7.57,11.7,0.0398,1904,368.13,100,78.69,,,7.470698967,7.470698967,0.019517563,,,,,,
5/1/2010 13:00,5/1/2010 13:30,0,39.62,661.2,7.284,11.8,0.0544,1879.5,367.32,100,79.49,,,7.479682226,7.479682226,0.019541032,,,,,,
5/1/2010 13:30,5/1/2010 14:00,0,40.54,627.2,8.3,11.8,0.0343,1993.5,365.95,100,77.29,,,7.721708519,7.721708519,0.020173338,,,,,,
5/1/2010 14:00,5/1/2010 14:30,0,40.77,579.3,7.775,11.8,0.0344,1733.5,365.31,100,78.59,,,7.027789456,7.027789456,0.01836044,,,,,,
5/1/2010 14:30,5/1/2010 15:00,0,40.54,498.2,7.212,11.8,0.0414,1730.5,365.6,100,79.94,,,6.178596161,6.178596161,0.016141882,,,,,,
5/1/2010 15:00,5/1/2010 15:30,0,39.98,398.9,7.325,11.6,0.0541,1600,365.44,100,79.59,,,5.618664727,5.618664727,0.014679034,,,,,,
5/1/2010 15:30,5/1/2010 16:00,0,40.3,325.6,8.106,11.6,0.0198,1684,363.82,100,78.05,,,6.212265987,6.212265987,0.016229846,,,,,,
5/1/2010 16:00,5/1/2010 16:30,0,40.16,201.3,7.384,11.2,0.0628,1510.5,361.92,100,79.82,,,5.761216338,5.761216338,0.015051457,,,,,,
5/1/2010 16:30,5/1/2010 17:00,0,39.35,133.6,7.172,11.2,0.0802,1292.5,361.84,100,80.21,,,4.971967685,4.971967685,0.012989506,,,,,,
5/1/2010 17:00,5/1/2010 17:30,0,38.12,55.49,6.598,10.8,0.0168,1018,360.5,100,81.4,,,3.799836276,3.799836276,0.009927256,,,,,,
5/1/2010 17:30,5/1/2010 18:00,0,36.85,36.05,6.299,10.8,0.0214,783.25,361.92,100,82.1,,,2.426289643,2.426289643,0.006338799,,,,,,
5/1/2010 18:00,5/1/2010 18:30,0,35.12,5.208,5.38,10.2,0.0611,497.1,365.18,100,84.3,,,1.276737875,1.276737875,0.00333554,,,,,,
5/1/2010 18:30,5/1/2010 19:00,0,33.17,-29.78,4.75,10.2,0.0532,268.05,372.38,100,85.75,,,0.636266519,0.636266519,0.001662277,,,,,,
5/1/2010 19:00,5/1/2010 19:30,0,31.33,-47.58,4.309,8.8,0.0233,129.95,375.1,100,86.85,,,0.248095193,0.248095193,0.000648161,,,,,,
5/1/2010 19:30,5/1/2010 20:00,0,29.78,-53.15,4.111,8.8,0.0843,46.5,375.37,100,87.3,,,0.087146423,0.087146423,0.000227674,,,,,,
5/1/2010 20:00,5/1/2010 20:30,0,28.53,-59.68,3.96,8.5,0.0146,4.9,378.46,100,87.7,,,0.012534701,0.012534701,3.27475E-05,,,,,,
5/1/2010 20:30,5/1/2010 21:00,0,27.63,-56.36,3.836,8.5,0.0297,0,381.56,100,88,,,0,0,0,,,,,,
5/1/2010 21:00,5/1/2010 21:30,0,27.03,-57.38,3.702,8.2,0.0376,0,381.27,100,88.4,,,0,0,0,,,,,,
5/1/2010 21:30,5/1/2010 22:00,0,26.65,-56.09,3.634,8.2,0.0371,0,381.56,100,88.6,,,0,0,0,,,,,,
5/1/2010 22:00,5/1/2010 22:30,0,26.44,-40.73,3.569,7.8,0.0176,0,382.28,100,88.8,,,0,0,0,,,,,,
5/1/2010 22:30,5/1/2010 23:00,0,26.34,-36.08,3.578,7.8,0.0295,0,382.94,100,88.75,,,0,0,0,,,,,,
5/1/2010 23:00,5/1/2010 23:30,0,26.16,-34.99,3.53,7.3,0.0644,0,382.95,100,88.85,,,0,0,0,,,,,,
5/1/2010 23:30,5/2/2010 0:00,0,25.92,-40.95,3.527,7.3,0.1542,0,384.9,100,88.8,,,0,0,0,,,,,,
5/2/2010 0:00,5/2/2010 0:30,0,25.7,-47.64,3.549,7.2,0.2307,0,386.34,100,88.7,,,0,0,0,,,,,,
5/2/2010 0:30,5/2/2010 1:00,0,25.55,-53.5,3.491,7.2,0.2435,0,388.01,100,88.85,,,0,0,0,,,,,,
5/2/2010 1:00,5/2/2010 1:30,0,25.49,-51.96,3.589,6.9,0.2654,0,389.31,100,88.55,,,0,0,0,,,,,,
5/2/2010 1:30,5/2/2010 2:00,0,25.4,-47.66,3.617,6.9,0.2652,0,390,100,88.45,,,0,0,0,,,,,,
5/2/2010 2:00,5/2/2010 2:30,0,25.31,-44.04,3.675,6.5,0.2532,0,389.57,100,88.25,,,0,0,0,,,,,,
5/2/2010 2:30,5/2/2010 3:00,0,25.22,-25.92,3.734,6.5,0.2618,0,387.94,100,88.05,,,0,0,0,,,,,,
5/2/2010 3:00,5/2/2010 3:30,0,25.19,-13.62,3.826,6.3,0.3019,0,385.24,100,87.75,,,0,0,0,,,,,,
5/2/2010 3:30,5/2/2010 4:00,0,25.16,-15.77,3.972,6.3,0.223,0,384.33,100,87.3,,,0,0,0,,,,,,
5/2/2010 4:00,5/2/2010 4:30,0,25.22,-26.79,4.124,6.2,0.3219,0,384.65,100,86.85,,,0,0,0,,,,,,
5/2/2010 4:30,5/2/2010 5:00,0,25.31,-22.84,4.257,6.2,0.2531,0,385.07,100,86.45,,,0.009517868,0.009517868,2.48659E-05,,,,,,
5/2/2010 5:00,5/2/2010 5:30,0,25.49,-23.12,4.352,5.8,0.2827,0,382.88,100,86.2,,,0.086386532,0.086386532,0.000225689,,,,,,
5/2/2010 5:30,5/2/2010 6:00,0,25.58,18.97,4.479,5.8,0.1636,0,379.3,100,85.85,,,0.226405288,0.226405288,0.000591495,,,,,,
5/2/2010 6:00,5/2/2010 6:30,0,25.67,64.56,4.561,6.2,0.2179,0,375.48,100,85.6,,,0.285831974,0.285831974,0.00074675,,,,,,
5/2/2010 6:30,5/2/2010 7:00,0,25.73,62.25,4.591,6.2,0.1942,4.65,370.35,100,85.5,,,0.261143886,0.261143886,0.000682251,,,,,,
5/2/2010 7:00,5/2/2010 7:30,0,25.89,142.4,4.732,7.8,0.1117,43.18,368.02,100,85.1,,,0.330399569,0.330399569,0.000863185,,,,,,
5/2/2010 7:30,5/2/2010 8:00,0,26.13,211.8,4.885,7.8,0.1406,132.25,366.04,100,84.7,,,0.445208953,0.445208953,0.00116313,,,,,,
5/2/2010 8:00,5/2/2010 8:30,0,26.56,383.9,4.961,9.8,0.1413,217.45,366.82,100,84.55,,,0.661247607,0.661247607,0.001727541,,,,,,
5/2/2010 8:30,5/2/2010 9:00,0,27.03,234.8,5.302,9.8,0.0807,350.55,366.01,100,83.55,,,1.438600857,1.438600857,0.003758414,,,,,,
5/2/2010 9:00,5/2/2010 9:30,0,27.78,389.6,5.532,10.5,0.0525,527.2,365.59,100,83.05,,,2.540952928,2.540952928,0.006638363,,,,,,
5/2/2010 9:30,5/2/2010 10:00,0,28.14,317.1,5.212,10.5,0.0354,348.15,364.56,100,83.9,,,2.761300082,2.761300082,0.00721403,,,,,,
5/2/2010 10:00,5/2/2010 10:30,0,28.76,607.6,5.433,11,0.0447,603.15,363.63,100,83.35,,,2.722209367,2.722209367,0.007111904,,,,,,
5/2/2010 10:30,5/2/2010 11:00,0,29.45,612.9,5.308,11,0.0612,553.5,365.88,100,83.75,,,3.203392129,3.203392129,0.008369017,,,,,,
5/2/2010 11:00,5/2/2010 11:30,0,30.12,503,5.418,11.4,0.0509,677.2,365.91,100,83.4,,,2.731325941,2.731325941,0.007135721,,,,,,
5/2/2010 11:30,5/2/2010 12:00,0,30.57,522,5.353,11.4,0.063,506.2,365.51,100,83.6,,,2.663090036,2.663090036,0.006957452,,,,,,
5/2/2010 12:00,5/2/2010 12:30,0,30.26,630.9,4.912,11.7,0.039,324.65,365.6,100,84.75,,,2.053779029,2.053779029,0.005365597,,,,,,
5/2/2010 12:30,5/2/2010 13:00,0,29.58,470.2,4.545,11.7,0.0193,199.95,367.31,100,85.75,,,1.448012356,1.448012356,0.003783002,,,,,,
5/2/2010 13:00,5/2/2010 13:30,0,29.08,359,4.473,11.8,0.025,183.7,368.68,100,86,,,0.800451542,0.800451542,0.002091218,,,,,,
5/2/2010 13:30,5/2/2010 14:00,0,28.27,581.9,3.488,11.8,0.0354,303.35,369.75,100,88.85,,,0.614180199,0.614180199,0.001604576,,,,,,
5/2/2010 14:00,5/2/2010 14:30,0,27.44,431,3.467,11.8,0.0359,153,370.53,100,88.8,,,0.246290142,0.246290142,0.000643445,,,,,,
5/2/2010 14:30,5/2/2010 15:00,0,26.93,518.4,3.911,11.8,0.0373,242.5,371.7,100,87.55,,,0.83582072,0.83582072,0.002183622,,,,,,
5/2/2010 15:00,5/2/2010 15:30,0,26.65,376.3,4.132,11.5,0.0558,243.8,370.04,100,86.95,,,1.061859767,1.061859767,0.00277416,,,,,,
5/2/2010 15:30,5/2/2010 16:00,0,26.81,344.4,4.021,11.5,0.0433,218.05,371.33,100,87.25,,,1.348864528,1.348864528,0.003523974,,,,,,
5/2/2010 16:00,5/2/2010 16:30,0,26.93,265.2,3.933,11.1,0.0564,167.45,369.81,100,87.5,,,1.171498168,1.171498168,0.003060596,,,,,,
5/2/2010 16:30,5/2/2010 17:00,0,26.68,136.2,3.609,11.1,0.0516,138.45,369.48,100,88.45,,,0.952003481,0.952003481,0.002487155,,,,,,
5/2/2010 17:00,5/2/2010 17:30,0,26.5,58.69,3.788,10.7,0.0517,110.6,371.55,100,87.9,,,0.857027199,0.857027199,0.002239025,,,,,,
5/2/2010 17:30,5/2/2010 18:00,0,26.44,-6.048,3.467,10.7,0.0804,169.6,375.18,100,88.9,,,0.560032143,0.560032143,0.001463111,,,,,,
5/2/2010 18:00,5/2/2010 18:30,0,26.16,-18.83,2.857,10.1,0.0781,106.69,377.55,100,90.65,,,0.094135924,0.094135924,0.000245935,,,,,,
5/2/2010 18:30,5/2/2010 19:00,0,25.79,-55.59,2.545,10.1,0.0753,19.07,377.46,100,91.55,,,0.232526639,0.232526639,0.000607487,,,,,,
5/2/2010 19:00,5/2/2010 19:30,0,25.52,-33.98,2.598,8.7,0.0952,11.48,379,100,91.35,,,0.270902734,0.270902734,0.000707747,,,,,,
5/2/2010 19:30,5/2/2010 20:00,0,25.34,-48.31,2.788,8.7,0.0778,13.71,378.64,100,90.75,,,0.168152131,0.168152131,0.000439306,,,,,,
5/2/2010 20:00,5/2/2010 20:30,0,25.16,-22.84,2.856,8.3,0.0372,1.15,379.09,100,90.55,,,0.077500428,0.077500428,0.000202474,,,,,,
5/2/2010 20:30,5/2/2010 21:00,0,25.07,-59.21,2.757,8.3,0.1022,0,379.55,100,90.85,,,0.097678667,0.097678667,0.00025519,,,,,,
5/2/2010 21:00,5/2/2010 21:30,0,25.01,-81.9,2.773,8.1,0.1063,0,380.01,100,90.8,,,0.023944743,0.023944743,6.25568E-05,,,,,,
5/2/2010 21:30,5/2/2010 22:00,0,24.92,-43.06,2.528,8.1,0.1452,0,385.01,100,91.55,,,0,0,0,,,,,,
5/2/2010 22:00,5/2/2010 22:30,0,24.89,-24.1,2.488,7.7,0.1828,0,395.35,100,91.65,,,0,0,0,,,,,,
5/2/2010 22:30,5/2/2010 23:00,0,24.87,-38.59,2.661,7.7,0.206,0,393.44,100,91.1,,,0,0,0,,,,,,
5/2/2010 23:00,5/2/2010 23:30,0,24.87,-50.66,2.802,7.2,0.1559,0,392.71,100,90.7,,,0,0,0,,,,,,
5/2/2010 23:30,5/3/2010 0:00,0,24.84,-61.61,2.93,7.2,0.2674,0,394.93,100,90.3,,,0,0,0,,,,,,
5/3/2010 0:00,5/3/2010 0:30,0,24.84,-56.76,2.871,7.1,0.1808,0,404.89,100,90.45,,,0,0,0,,,,,,
5/3/2010 0:30,5/3/2010 1:00,0,24.81,-53.95,2.929,7.1,0.1899,0,410.45,100,90.25,,,0,0,0,,,,,,
5/3/2010 1:00,5/3/2010 1:30,0,24.78,-46.39,2.983,6.8,0.2219,0,417.63,100,90.1,,,0,0,0,,,,,,
5/3/2010 1:30,5/3/2010 2:00,0,24.78,-42.35,2.982,6.8,0.2795,0,430.57,100,90.15,,,0,0,0,,,,,,
5/3/2010 2:00,5/3/2010 2:30,0,24.78,-19.17,2.854,6.5,0.2926,0,431.44,100,90.55,,,0,0,0,,,,,,
5/3/2010 2:30,5/3/2010 3:00,0,24.78,-9.08,2.699,6.5,0.2324,0,454.16,100,91,,,0,0,0,,,,,,
5/3/2010 3:00,5/3/2010 3:30,0,24.81,-13.49,2.677,6.2,0.1763,0,460.25,100,91.05,,,0,0,0,,,,,,
5/3/2010 3:30,5/3/2010 4:00,0,24.78,-39.41,2.636,6.2,0.1789,0,437.65,100,91.15,,,0,0,0,,,,,,
5/3/2010 4:00,5/3/2010 4:30,0,24.78,-36.49,2.405,6.1,0.1577,0,423.59,100,91.9,,,0,0,0,,,,,,
5/3/2010 4:30,5/3/2010 5:00,0,24.75,-34.23,2.211,6.1,0.1562,0,422.19,100,92.5,,,0,0,0,,,,,,
5/3/2010 5:00,5/3/2010 5:30,0,24.75,-14.46,2.025,5.7,0.0482,0,431.14,100,93.1,,,0.342482483,0.342482483,0.000894752,,,,,,
5/3/2010 5:30,5/3/2010 6:00,0,24.72,39.24,1.934,5.7,0.0865,0,444.29,100,93.4,,,1.503206013,1.503206013,0.003927199,,,,,,
5/3/2010 6:00,5/3/2010 6:30,0,24.72,112.6,1.9,6.1,0.0784,0,433.08,100,93.5,,,2.904731105,2.904731105,0.007588751,,,,,,
5/3/2010 6:30,5/3/2010 7:00,0,24.72,128,1.836,6.1,0.2644,0.86,418.17,100,93.7,,,2.496700109,2.496700109,0.00652275,,,,,,
5/3/2010 7:00,5/3/2010 7:30,0,24.75,153.2,1.826,7.7,0.2709,21.2,411.24,100,93.75,,,2.601606216,2.601606216,0.006796822,,,,,,
5/3/2010 7:30,5/3/2010 8:00,0,24.84,244.4,1.846,7.7,0.194,42.38,394.95,100,93.7,,,2.265852367,2.265852367,0.005919649,,,,,,
5/3/2010 8:00,5/3/2010 8:30,0,24.92,383,1.865,9.7,0.197,61.48,386.83,100,93.65,,,1.960115346,1.960115346,0.005120896,,,,,,
5/3/2010 8:30,5/3/2010 9:00,0,25.13,389.8,1.895,9.7,0.2373,107,374.48,100,93.6,,,1.177076116,1.177076116,0.003075168,,,,,,
5/3/2010 9:00,5/3/2010 9:30,0,25.37,459.8,1.944,10.4,0.2231,127.1,364.94,100,93.5,,,1.009004106,1.009004106,0.002636072,,,,,,
5/3/2010 9:30,5/3/2010 10:00,0,25.58,515.8,2.177,10.4,0.2831,195.2,362.08,100,92.8,,,1.135176649,1.135176649,0.002965704,,,,,,
5/3/2010 10:00,5/3/2010 10:30,0,25.79,623.1,3.077,10.9,0.2281,407.75,358.59,100,90,,,2.266401713,2.266401713,0.005921084,,,,,,
5/3/2010 10:30,5/3/2010 11:00,0,26.59,388.8,3.893,10.9,0.1629,445.65,359.19,100,87.55,,,2.984244589,2.984244589,0.007796484,,,,,,
5/3/2010 11:00,5/3/2010 11:30,0,27.85,392.1,5.104,11.4,0.2545,551.75,362.97,100,84.1,,,2.989419754,2.989419754,0.007810004,,,,,,
5/3/2010 11:30,5/3/2010 12:00,0,28.89,313.9,6.233,11.4,0.2341,545.3,364.49,100,80.9,,,3.635152673,3.635152673,0.009497012,,,,,,
5/3/2010 12:00,5/3/2010 12:30,0,30.81,232.9,8.647,11.6,0.262,1208.5,361.58,100,74.7,,,6.364326109,6.364326109,0.01662711,,,,,,
5/3/2010 12:30,5/3/2010 13:00,0,32.26,158.7,9.58,11.6,0.2298,947.5,357.17,100,72.44,,,11.49708711,11.49708711,0.030036697,,,,,,
5/3/2010 13:00,5/3/2010 13:30,0,32.26,115.8,11.549,11.7,0.2219,1036.75,357,100,67.11,,,14.42185164,14.42185164,0.037677786,,,,,,
5/3/2010 13:30,5/3/2010 14:00,0,31.12,121.1,13.211,11.7,0.244,1350.5,358.38,100,63.92,,,14.42185164,14.42185164,0.037677786,,,,,,
5/3/2010 14:00,5/3/2010 14:30,0,31.23,181.4,11.205,11.7,0.2815,663.3,366.79,100,67.93,,,13.70390584,13.70390584,0.035802118,,,,,,
5/3/2010 14:30,5/3/2010 15:00,0,31.58,239.6,11.287,11.7,0.2589,801.1,367.83,100,67.84,,,11.58972574,11.58972574,0.03027872,,,,,,
5/3/2010 15:00,5/3/2010 15:30,0,31.86,269.7,12.52,11.4,0.2349,745.05,371.52,100,64.53,,,10.82013871,10.82013871,0.028268137,,,,,,
5/3/2010 15:30,5/3/2010 16:00,0,32.26,156.9,13.962,11.4,0.2468,731.35,376.84,100,61.12,,,12.21780445,12.21780445,0.031919606,,,,,,
5/3/2010 16:00,5/3/2010 16:30,0,32.37,120,11.582,11.1,0.2175,802.4,367.3,100,66.92,,,8.243508923,8.243508923,0.021536566,,,,,,
5/3/2010 16:30,5/3/2010 17:00,0,33.73,107.8,13.474,11.1,0.201,954.05,366.8,100,63.03,,,9.067834849,9.067834849,0.023690158,,,,,,
5/3/2010 17:00,5/3/2010 17:30,0,33.66,81.2,12.049,10.6,0.2185,646.9,367.96,100,65.72,,,9.706257433,9.706257433,0.025358068,,,,,,
5/3/2010 17:30,5/3/2010 18:00,0,32.55,48.27,10.021,10.6,0.1349,428.55,369.98,100,70.33,,,6.55711811,6.55711811,0.017130789,,,,,,
5/3/2010 18:00,5/3/2010 18:30,0,31.55,-1.105,7.107,10,0.1152,411.2,371.66,100,78.26,,,5.275943353,5.275943353,0.013783658,,,,,,
5/3/2010 18:30,5/3/2010 19:00,0,30.33,-35.04,5.259,10,0.0885,232,373.85,100,83.25,,,3.238681129,3.238681129,0.008461211,,,,,,
5/3/2010 19:00,5/3/2010 19:30,0,28.99,-29.06,4.594,8.6,0.0491,122.6,376.76,100,84.8,,,2.151946315,2.151946315,0.005622064,,,,,,
5/3/2010 19:30,5/3/2010 20:00,0,27.78,-19.7,5.404,8.6,0.0382,36.98,379.18,100,82.05,,,2.201021594,2.201021594,0.005750276,,,,,,
5/3/2010 20:00,5/3/2010 20:30,0,26.74,-27.35,4.25,8.2,0.0332,4.59,381.41,100,85.6,,,1.017516036,1.017516036,0.00265831,,,,,,
5/3/2010 20:30,5/3/2010 21:00,0,26.01,-25.52,5.058,8.2,0.1127,0,381.87,100,82.7,,,1.07055946,1.07055946,0.002796888,,,,,,
5/3/2010 21:00,5/3/2010 21:30,0,25.4,-33.23,4.453,8,0.1303,0,385.03,100,84.7,,,0.810694531,0.810694531,0.002117979,,,,,,
5/3/2010 21:30,5/3/2010 22:00,0,25.16,-38.16,3.177,8,0.0959,0,389.52,100,89.05,,,0.55070526,0.55070526,0.001438744,,,,,,
5/3/2010 22:00,5/3/2010 22:30,0,24.92,-33.26,3.093,7.6,0.0533,0,396.46,100,89.3,,,0.560344965,0.560344965,0.001463928,,,,,,
5/3/2010 22:30,5/3/2010 23:00,0,24.81,-14.77,2.968,7.6,0.075,0,399.58,100,89.75,,,0.500593703,0.500593703,0.001307825,,,,,,
5/3/2010 23:00,5/3/2010 23:30,0,24.81,-26.88,2.734,7.1,0.3844,0,401.95,100,90.55,,,0.47140375,0.47140375,0.001231565,,,,,,
5/3/2010 23:30,5/4/2010 0:00,0,24.78,-40.62,2.595,7.1,0.5929,0,402.36,100,91.05,,,0.530242835,0.530242835,0.001385285,,,,,,
5/4/2010 0:00,5/4/2010 0:30,0,24.69,-32.32,2.325,7,0.3995,0,408.84,100,91.95,,,0,0,0,,,,,,
5/4/2010 0:30,5/4/2010 1:00,0,24.66,-1.472,2.145,7,0.3101,0,411.92,100,92.55,,,0,0,0,,,,,,
5/4/2010 1:00,5/4/2010 1:30,0,24.63,-12.36,1.976,6.7,0.3047,0,415.39,100,93.1,,,0,0,0,,,,,,
5/4/2010 1:30,5/4/2010 2:00,0,24.57,-2.541,1.91,6.7,0.3366,0,421.31,100,93.35,,,0,0,0,,,,,,
5/4/2010 2:00,5/4/2010 2:30,0,24.57,-0.666,1.874,6.4,0.236,0,421.52,100,93.5,,,0,0,0,,,,,,
5/4/2010 2:30,5/4/2010 3:00,0,24.6,-2.484,1.855,6.4,0.2503,0,434.2,100,93.6,,,0,0,0,,,,,,
5/4/2010 3:00,5/4/2010 3:30,0,24.51,-21.29,1.864,6.1,0.3468,0,438.69,100,93.45,,,0,0,0,,,,,,
5/4/2010 3:30,5/4/2010 4:00,0,24.45,-25.28,1.942,6.1,0.2059,0,431.74,100,93.2,,,0,0,0,,,,,,
5/4/2010 4:00,5/4/2010 4:30,0,24.42,-12.54,2.089,5.9,0.231,0,425.34,100,92.75,,,0,0,0,,,,,,
5/4/2010 4:30,5/4/2010 5:00,0,24.39,-25.55,2.141,5.9,0.2489,0,422.33,100,92.6,,,0,0,0,,,,,,
5/4/2010 5:00,5/4/2010 5:30,0,24.39,-18.33,2.24,5.6,0.3196,0,428.04,100,92.3,,,0.082358478,0.082358478,0.000215166,,,,,,
5/4/2010 5:30,5/4/2010 6:00,0,24.36,24.99,2.469,5.6,0.3736,0,429.46,100,91.5,,,0.192255813,0.192255813,0.000502278,,,,,,
5/4/2010 6:00,5/4/2010 6:30,0,24.33,32.241,2.385,6,0.311,0,419,100,91.75,,,0.741001064,0.741001064,0.001935901,,,,,,
5/4/2010 6:30,5/4/2010 7:00,0,24.28,66.69,2.227,6,0.3952,2.78,409.95,100,92.2,,,2.409622494,2.409622494,0.006295256,,,,,,
5/4/2010 7:00,5/4/2010 7:30,0,24.13,211.1,2.404,7.6,0.3489,39.07,400.06,100,91.45,,,1.857240409,1.857240409,0.004852131,,,,,,
5/4/2010 7:30,5/4/2010 8:00,0,24.1,259.5,2.744,7.6,0.3891,183.45,382.75,100,90.35,,,1.583302468,1.583302468,0.004136454,,,,,,
5/4/2010 8:00,5/4/2010 8:30,0,24.33,386,3.16,9.6,0.3348,347.7,376.29,100,89.15,,,1.50952022,1.50952022,0.003943695,,,,,,
5/4/2010 8:30,5/4/2010 9:00,0,24.95,446.8,3.968,9.6,0.3272,396.25,372.41,100,86.6,,,1.314840809,1.314840809,0.003435085,,,,,,
5/4/2010 9:00,5/4/2010 9:30,0,26.84,511.5,7.157,10.4,0.3261,927,370.32,100,77.51,,,1.761189482,1.761189482,0.004601193,,,,,,
5/4/2010 9:30,5/4/2010 10:00,0,28.49,575.8,6.248,10.4,0.3514,802.45,369.46,100,80.33,,,3.844954408,3.844954408,0.01004513,,,,,,
5/4/2010 10:00,5/4/2010 10:30,0,30.29,601,8.674,10.9,0.2732,1292.5,369.97,100,73.8,,,8.647088104,8.647088104,0.022590937,,,,,,
5/4/2010 10:30,5/4/2010 11:00,0,32.37,699.8,8.693,10.9,0.3497,1493,368.45,100,74.64,,,13.41389779,13.41389779,0.035044458,,,,,,
5/4/2010 11:00,5/4/2010 11:30,0,34.46,717,10.443,11.2,0.4091,1694,368.52,100,70.37,,,14.88544185,14.88544185,0.038888938,,,,,,
5/4/2010 11:30,5/4/2010 12:00,0,36.44,713,11.928,11.2,0.3798,1813.5,368.13,100,67.44,,,14.60914168,14.60914168,0.03816709,,,,,,
5/4/2010 12:00,5/4/2010 12:30,0,38.12,669.4,12.523,11.6,0.3846,1936.5,366.57,100,65.98,,,14.15376748,14.15376748,0.036977403,,,,,,
5/4/2010 12:30,5/4/2010 13:00,0,39.44,654.5,13.663,11.6,0.4181,1929,366.27,100,63.49,,,14.21653432,14.21653432,0.037141385,,,,,,
5/4/2010 13:00,5/4/2010 13:30,0,40.96,666.2,13.624,11.5,0.4095,2046,366.76,100,64.48,,,14.18686538,14.18686538,0.037063873,,,,,,
5/4/2010 13:30,5/4/2010 14:00,0,42.5,563.4,15.18,11.5,0.348,2034.5,365.82,100,61.43,,,14.76339142,14.76339142,0.038570075,,,,,,
5/4/2010 14:00,5/4/2010 14:30,0,43.81,445.4,15.996,11.5,0.304,1980.5,365.81,100,59.92,,,14.82517164,14.82517164,0.038731479,,,,,,
5/4/2010 14:30,5/4/2010 15:00,0,45.3,332.8,17.13,11.5,0.3777,1946,364.08,100,58.06,,,12.9482675,12.9482675,0.033827976,,,,,,
5/4/2010 15:00,5/4/2010 15:30,0,46.35,285.4,17.818,11.2,0.3593,1842.5,364.72,100,57.85,,,12.95695731,12.95695731,0.033850679,,,,,,
5/4/2010 15:30,5/4/2010 16:00,0,46.74,280.4,18.833,11.2,0.3831,1712,364.3,100,55.66,,,13.71440962,13.71440962,0.03582956,,,,,,
5/4/2010 16:00,5/4/2010 16:30,0,46.51,208.2,18.518,10.9,0.3847,1553.5,364.79,100,56.07,,,10.96526672,10.96526672,0.028647291,,,,,,
5/4/2010 16:30,5/4/2010 17:00,0,45.68,121.4,17.921,10.9,0.4275,1366.5,364.12,100,56.9,,,11.03613117,11.03613117,0.028832427,,,,,,
5/4/2010 17:00,5/4/2010 17:30,0,44.34,72.3,15.36,10.5,0.3863,1158,364.37,100,60.44,,,7.808661838,7.808661838,0.020400507,,,,,,
5/4/2010 17:30,5/4/2010 18:00,0,42.75,20.46,17.303,10.5,0.4426,940,364.77,100,56.48,,,9.51960832,9.51960832,0.024870438,,,,,,
5/4/2010 18:00,5/4/2010 18:30,0,40.82,-18.63,16.846,9.9,0.3966,706.2,365.77,100,56.11,,,7.245637291,7.245637291,0.018929578,,,,,,
5/4/2010 18:30,5/4/2010 19:00,0,38.38,-57.31,15.361,9.9,0.4347,469.85,370.24,100,58.25,,,3.530545923,3.530545923,0.009223722,,,,,,
5/4/2010 19:00,5/4/2010 19:30,0,35.68,-64.069,12.504,8.5,0.3592,248.55,374.53,100,64.79,,,1.351011702,1.351011702,0.003529584,,,,,,
5/4/2010 19:30,5/4/2010 20:00,0,32.81,-65.86,10.702,8.5,0.4277,77.55,379.73,100,68.17,,,0.013178688,0.013178688,3.443E-05,,,,,,
5/4/2010 20:00,5/4/2010 20:30,0,29.89,-62.05,8.479,8.1,0.4359,7.96,383.72,100,73.09,,,0,0,0,,,,,,
5/4/2010 20:30,5/4/2010 21:00,0,27.56,-59.7,6.102,8.1,0.4453,0,386.85,100,79.76,,,0,0,0,,,,,,
5/4/2010 21:00,5/4/2010 21:30,0,25.85,-58.61,5.381,7.9,0.4621,0,390.05,100,81.8,,,0,0,0,,,,,,
5/4/2010 21:30,5/4/2010 22:00,0,24.63,-56.34,4.795,7.9,0.3751,0,394.03,100,83.55,,,0,0,0,,,,,,
5/4/2010 22:00,5/4/2010 22:30,0,23.78,-54.43,4.535,7.5,0.4078,0,397.57,100,84.2,,,0,0,0,,,,,,
5/4/2010 22:30,5/4/2010 23:00,0,23.27,-53.49,5.475,7.5,0.368,0,405.73,100,81.2,,,0,0,0,,,,,,
5/4/2010 23:00,5/4/2010 23:30,0,22.84,-53.41,4.874,7,0.3721,0,411.2,100,82.95,,,0,0,0,,,,,,
5/4/2010 23:30,5/5/2010 0:00,0,22.47,-52.48,5.037,7,0.3865,0,409.79,100,82.25,,,0,0,0,,,,,,
5/5/2010 0:00,5/5/2010 0:30,0,22.19,-52.61,5.605,6.9,0.3703,0,412.79,100,80.24,,,0,0,0,,,,,,
5/5/2010 0:30,5/5/2010 1:00,0,21.81,-53.03,5.116,6.9,0.3636,0,413.39,100,81.8,,,0,0,0,,,,,,
5/5/2010 1:00,5/5/2010 1:30,0,21.48,-52.13,4.22,6.6,0.3553,0,413.16,100,84.45,,,0,0,0,,,,,,
5/5/2010 1:30,5/5/2010 2:00,0,21.21,-52.28,3.595,6.6,0.3503,0,412.05,100,86.45,,,0,0,0,,,,,,
5/5/2010 2:00,5/5/2010 2:30,0,20.93,-54.02,3.667,6.3,0.3697,0,411.6,100,86.05,,,0,0,0,,,,,,
5/5/2010 2:30,5/5/2010 3:00,0,20.69,-54.99,3.222,6.3,0.3109,0,414.23,100,87.45,,,0,0,0,,,,,,
5/5/2010 3:00,5/5/2010 3:30,0,20.42,-54.6,3.312,6,0.3104,0,417.13,100,87.2,,,0,0,0,,,,,,
5/5/2010 3:30,5/5/2010 4:00,0,20.21,-53.98,2.84,6,0.3114,0,425.82,100,88.9,,,0,0,0,,,,,,
5/5/2010 4:00,5/5/2010 4:30,0,20,-53.9,3.653,5.8,0.3292,0,427.1,100,85.95,,,0,0,0,,,,,,
5/5/2010 4:30,5/5/2010 5:00,0,19.84,-48.66,3.668,5.8,0.3407,0,422.46,100,85.9,,,0,0,0,,,,,,
5/5/2010 5:00,5/5/2010 5:30,0,19.78,-23.3,4.086,5.5,0.3581,0,424.93,100,84.5,,,0,0,0,,,,,,
5/5/2010 5:30,5/5/2010 6:00,0,19.7,24.54,4.174,5.5,0.303,0,414.63,100,84.2,,,0.011684162,0.011684162,3.05254E-05,,,,,,
5/5/2010 6:00,5/5/2010 6:30,0,19.65,82.6,3.879,5.9,0.2774,0.12,404.93,100,85.1,,,0.005533115,0.005533115,1.44555E-05,,,,,,
5/5/2010 6:30,5/5/2010 7:00,0,19.76,151.9,3.665,5.9,0.295,13.94,401.74,100,85.8,,,0.011684162,0.011684162,3.05254E-05,,,,,,
5/5/2010 7:00,5/5/2010 7:30,0,20.24,232.3,4.369,7.5,0.3112,109.81,388.88,100,83.8,,,0.033822995,0.033822995,8.83642E-05,,,,,,
5/5/2010 7:30,5/5/2010 8:00,0,21.72,315,6.619,7.5,0.2719,294.1,379.77,100,77.63,,,0.097542817,0.097542817,0.000254835,,,,,,
5/5/2010 8:00,5/5/2010 8:30,0,23.75,394.6,8.533,9.5,0.248,512.3,375.1,100,73.04,,,1.328964665,1.328964665,0.003471985,,,,,,
5/5/2010 8:30,5/5/2010 9:00,0,26.9,470.3,9.351,9.5,0.1358,739.5,371.43,100,71.73,,,6.109287617,6.109287617,0.01596081,,,,,,
5/5/2010 9:00,5/5/2010 9:30,0,30.16,529.2,12.059,10.4,0.0541,972.5,369.02,100,64.95,,,12.53397787,12.53397787,0.032745624,,,,,,
5/5/2010 9:30,5/5/2010 10:00,0,33.32,580.7,12.247,10.4,0.0222,1147.5,368.57,100,65.83,,,14.77886378,14.77886378,0.038610498,,,,,,
5/5/2010 10:00,5/5/2010 10:30,0,35.92,636.3,12.174,10.8,0.0376,1255,368.33,100,66.15,,,15.83213333,15.83213333,0.041362215,,,,,,
5/5/2010 10:30,5/5/2010 11:00,0,37.4,661.5,11.11,10.8,0.0677,1006.5,367.61,100,68.64,,,11.27376891,11.27376891,0.029453267,,,,,,
5/5/2010 11:00,5/5/2010 11:30,0,39.04,665.1,12.515,11.1,0.0327,1425,368.02,100,65.62,,,11.85971921,11.85971921,0.030984091,,,,,,
5/5/2010 11:30,5/5/2010 12:00,0,42.4,639.2,14.892,11.1,0.0325,1808.5,368.12,100,61.53,,,19.59432883,19.59432883,0.051191133,,,,,,
5/5/2010 12:00,5/5/2010 12:30,0,42.85,704,13.246,11.5,0.0226,857.95,367.68,100,64.38,,,14.87614454,14.87614454,0.038864648,,,,,,
5/5/2010 12:30,5/5/2010 13:00,0,39.44,713,9.847,11.5,0.0634,340.55,368.12,100,71.02,,,6.56995009,6.56995009,0.017164313,,,,,,
5/5/2010 13:00,5/5/2010 13:30,0,38.12,634.1,10.367,11.4,0.0265,616.8,369.13,100,70.03,,,5.988158305,5.988158305,0.015644354,,,,,,
5/5/2010 13:30,5/5/2010 14:00,0,38.9,593.5,11.315,11.4,0.0368,1079.5,368.68,100,68.11,,,8.770499433,8.770499433,0.022913355,,,,,,
5/5/2010 14:00,5/5/2010 14:30,0,41.62,551.8,11.595,11.5,0.0326,1363,368.23,100,68.39,,,12.66058183,12.66058183,0.033076383,,,,,,
5/5/2010 14:30,5/5/2010 15:00,0,45.24,336,12.46,11.5,0.0216,1968,369.04,100,66.43,,,18.46444886,18.46444886,0.048239267,,,,,,
5/5/2010 15:00,5/5/2010 15:30,0,48.2,431.4,11.613,11.1,0.0199,1874,368.31,100,68.91,,,20.96192534,20.96192534,0.054764046,,,,,,
5/5/2010 15:30,5/5/2010 16:00,0,49.48,367,10.86,11.1,0.0417,1707,368.28,100,70.76,,,18.85494072,18.85494072,0.049259446,,,,,,
5/5/2010 16:00,5/5/2010 16:30,0,49.67,282.2,12.434,10.9,0.046,1551,368.7,100,66.46,,,15.95190397,15.95190397,0.041675122,,,,,,
5/5/2010 16:30,5/5/2010 17:00,0,49.23,156.7,12.383,10.9,0.0337,1365,367.84,100,66.96,,,15.63778483,15.63778483,0.040854471,,,,,,
5/5/2010 17:00,5/5/2010 17:30,0,48.2,12.48,11.908,10.5,0.0621,1154.5,366.94,100,68.17,,,14.37026106,14.37026106,0.037543003,,,,,,
5/5/2010 17:30,5/5/2010 18:00,0,46.63,5.087,12.213,10.5,0.0707,925.5,366.5,100,67.19,,,11.64049474,11.64049474,0.030411356,,,,,,
5/5/2010 18:00,5/5/2010 18:30,0,44.55,-22.32,11.941,9.9,0.0862,669.2,369.37,100,67.68,,,9.619219771,9.619219771,0.025130678,,,,,,
5/5/2010 18:30,5/5/2010 19:00,0,41.62,-40.01,10.732,9.9,0.1013,462.3,369.68,100,70.07,,,7.099095815,7.099095815,0.018546732,,,,,,
5/5/2010 19:00,5/5/2010 19:30,0,38.38,-59.88,9.407,8.5,0.0769,249.2,374.04,100,72.78,,,4.526887157,4.526887157,0.011826712,,,,,,
5/5/2010 19:30,5/5/2010 20:00,0,34.96,-59.57,7.348,8.5,0.0665,82.25,380.45,100,77.7,,,2.809105765,2.809105765,0.007338925,,,,,,
5/5/2010 20:00,5/5/2010 20:30,0,31.55,-58.93,6.22,8.1,0.0699,8.37,382.75,100,80.06,,,1.455602855,1.455602855,0.003802833,,,,,,
5/5/2010 20:30,5/5/2010 21:00,0,28.95,-58.5,5.889,8.1,0.0742,0,385.36,100,80.95,,,1.094495775,1.094495775,0.002859423,,,,,,
5/5/2010 21:00,5/5/2010 21:30,0,27.06,-56.46,5.266,7.9,0.1104,0,389.01,100,82.6,,,0.617379606,0.617379606,0.001612934,,,,,,
5/5/2010 21:30,5/5/2010 22:00,0,25.64,-52.12,4.37,7.9,0.2209,0,391.04,100,85.1,,,0.108240717,0.108240717,0.000282784,,,,,,
5/5/2010 22:00,5/5/2010 22:30,0,24.66,-51.59,4.044,7.4,0.2284,0,395.2,100,85.95,,,0,0,0,,,,,,
5/5/2010 22:30,5/5/2010 23:00,0,23.93,-49.56,3.868,7.4,0.2096,0,398.06,100,86.4,,,0,0,0,,,,,,
5/5/2010 23:00,5/5/2010 23:30,0,23.35,-51.68,3.784,7,0.298,0,401.82,100,86.5,,,0,0,0,,,,,,
5/5/2010 23:30,5/6/2010 0:00,0,22.9,-51.1,3.639,7,0.3448,0,398.06,100,86.9,,,0,0,0,,,,,,
5/6/2010 0:00,5/6/2010 0:30,0,22.53,-44.68,3.507,6.8,0.341,0,400.28,100,87.2,,,0,0,0,,,,,,
5/6/2010 0:30,5/6/2010 1:00,0,22.17,-40.61,3.254,6.8,0.3489,0,400.6,100,87.95,,,0,0,0,,,,,,
5/6/2010 1:00,5/6/2010 1:30,0,21.86,-41.54,3.109,6.4,0.3803,0,402.16,100,88.45,,,0,0,0,,,,,,
5/6/2010 1:30,5/6/2010 2:00,0,21.59,-46.45,2.798,6.4,0.3415,0,402.76,100,89.45,,,0,0,0,,,,,,
5/6/2010 2:00,5/6/2010 2:30,0,21.45,-42.29,2.986,6.2,0.3217,0,417.15,100,88.95,,,0,0,0,,,,,,
5/6/2010 2:30,5/6/2010 3:00,0,21.31,-41.2,3.271,6.2,0.3293,0,399.74,100,88.05,,,0,0,0,,,,,,
5/6/2010 3:00,5/6/2010 3:30,0,21.1,-39.86,3.092,5.9,0.3062,0,388.42,100,88.55,,,0,0,0,,,,,,
5/6/2010 3:30,5/6/2010 4:00,0,20.85,-38.12,2.582,5.9,0.3241,0,391.28,100,90.15,,,0,0,0,,,,,,
5/6/2010 4:00,5/6/2010 4:30,0,20.66,-39.14,2.42,5.6,0.317,0,436.51,100,90.6,,,0,0,0,,,,,,
5/6/2010 4:30,5/6/2010 5:00,0,20.42,-27.68,2.141,5.6,0.3291,0,451.35,100,91.6,,,0,0,0,,,,,,
5/6/2010 5:00,5/6/2010 5:30,0,20.31,-9.98,2.073,5.4,0.3113,0,441.21,100,91.9,,,0,0,0,,,,,,
5/6/2010 5:30,5/6/2010 6:00,0,20.4,36.1,2.175,5.4,0.3769,0,430.39,100,91.55,,,0.0000411,0.0000411,1.07376E-07,,,,,,
5/6/2010 6:00,5/6/2010 6:30,0,20.45,42.94,2.162,5.7,0.3459,0.12,438.52,100,91.55,,,0.023153933,0.023153933,6.04908E-05,,,,,,
5/6/2010 6:30,5/6/2010 7:00,0,20.58,150.6,2.167,5.7,0.3224,14.1,412.48,100,91.55,,,0.043780941,0.043780941,0.00011438,,,,,,
5/6/2010 7:00,5/6/2010 7:30,0,21.1,178.5,2.716,7.4,0.3087,116.19,401.32,100,89.85,,,0.142330407,0.142330407,0.000371845,,,,,,
5/6/2010 7:30,5/6/2010 8:00,0,22.45,238.2,4.509,7.4,0.2449,315.75,383.61,100,84.55,,,0.062519988,0.062519988,0.000163336,,,,,,
5/6/2010 8:00,5/6/2010 8:30,0,24.54,412.9,6.692,9.3,0.2576,517.85,375.38,100,78.5,,,0.2257866,0.2257866,0.000589878,,,,,,
5/6/2010 8:30,5/6/2010 9:00,0,27.78,424.3,9.626,9.3,0.2551,756.25,373.13,100,70.91,,,0.611313322,0.611313322,0.001597086,,,,,,
5/6/2010 9:00,5/6/2010 9:30,0,32.44,519.3,12.774,10.2,0.2008,1064,367.6,100,64.34,,,3.533904913,3.533904913,0.009232498,,,,,,
5/6/2010 9:30,5/6/2010 10:00,0,37.19,528.7,14.382,10.2,0.1686,1223.5,365.49,100,60.93,,,9.496073263,9.496073263,0.024808951,,,,,,
5/6/2010 10:00,5/6/2010 10:30,0,38.77,647,10.551,10.7,0.1793,899.35,362.95,100,69.77,,,10.07271938,10.07271938,0.026315467,,,,,,
5/6/2010 10:30,5/6/2010 11:00,0,41.05,491.2,11.149,10.7,0.1787,1540.5,361.47,100,67.99,,,8.84522669,8.84522669,0.023108583,,,,,,
5/6/2010 11:00,5/6/2010 11:30,0,44.71,594.8,15.964,11.1,0.1544,1781,362.09,100,56.98,,,14.68827113,14.68827113,0.03837382,,,,,,
5/6/2010 11:30,5/6/2010 12:00,0,47.26,497.2,18.804,11.1,0.1413,1868,361.71,100,51.27,,,16.52770298,16.52770298,0.043179425,,,,,,
5/6/2010 12:00,5/6/2010 12:30,0,48.68,484.5,17.163,11.4,0.1377,1926,362,100,55.06,,,16.41114957,16.41114957,0.042874923,,,,,,
5/6/2010 12:30,5/6/2010 13:00,0,49.29,518.5,13.687,11.4,0.1816,2021,362.29,100,63.03,,,15.70844402,15.70844402,0.041039071,,,,,,
5/6/2010 13:00,5/6/2010 13:30,0,49.8,549.2,13.051,11.5,0.1309,2038,362.73,100,63.9,,,15.51343263,15.51343263,0.040529594,,,,,,
5/6/2010 13:30,5/6/2010 14:00,0,50.3,604.9,13.992,11.5,0.1403,2035.5,365.3,100,61.86,,,14.52092989,14.52092989,0.037936633,,,,,,
5/6/2010 14:00,5/6/2010 14:30,0,49.99,586.2,13.805,11.4,0.1673,1873.5,366.13,100,61.6,,,14.35356758,14.35356758,0.037499391,,,,,,
5/6/2010 14:30,5/6/2010 15:00,0,49.8,518.4,13.411,11.4,0.1854,1903.5,367.02,100,62.9,,,12.49601545,12.49601545,0.032646446,,,,,,
5/6/2010 15:00,5/6/2010 15:30,0,49.86,398.9,14.507,11,0.1453,1861.5,365.36,100,60.38,,,13.5249551,13.5249551,0.0353346,,,,,,
5/6/2010 15:30,5/6/2010 16:00,0,49.48,221,14.25,11,0.1326,1585,365.59,100,61.15,,,13.08263839,13.08263839,0.034179027,,,,,,
5/6/2010 16:00,5/6/2010 16:30,0,47.78,278.1,12.382,11,0.0797,1122,366.33,100,65.83,,,9.817862294,9.817862294,0.025649641,,,,,,
5/6/2010 16:30,5/6/2010 17:00,0,45.51,123.7,12.695,11,0.1171,1020.5,364.98,100,64.41,,,7.966941018,7.966941018,0.020814019,,,,,,
5/6/2010 17:00,5/6/2010 17:30,0,44.76,77.5,13.594,10.6,0.104,1181,366.69,100,62.69,,,9.534341891,9.534341891,0.02490893,,,,,,
5/6/2010 17:30,5/6/2010 18:00,0,43.87,28.74,15.744,10.6,0.0895,938,367.84,100,57.18,,,9.247491154,9.247491154,0.024159519,,,,,,
5/6/2010 18:00,5/6/2010 18:30,0,42.35,5.623,13.886,9.9,0.0939,713.5,369.87,100,61.66,,,8.554669136,8.554669136,0.022349488,,,,,,
5/6/2010 18:30,5/6/2010 19:00,0,40.03,-19.28,13.248,9.9,0.0856,484,372.33,100,62.44,,,5.890774979,5.890774979,0.015389935,,,,,,
5/6/2010 19:00,5/6/2010 19:30,0,36.98,-30.8,12.258,8.5,0.1958,265.15,376.34,100,64.13,,,3.336774646,3.336774646,0.008717485,,,,,,
5/6/2010 19:30,5/6/2010 20:00,0,33.66,-32.84,10.398,8.5,0.1697,88.9,378.79,100,68.08,,,1.608355328,1.608355328,0.004201906,,,,,,
5/6/2010 20:00,5/6/2010 20:30,0,30.26,-30.13,8.512,8.2,0.1519,9.07,383.28,100,72.16,,,0.454626868,0.454626868,0.001187735,,,,,,
5/6/2010 20:30,5/6/2010 21:00,0,27.66,-30.67,7.669,8.2,0.1521,0,384.55,100,74.3,,,0.153840192,0.153840192,0.000401915,,,,,,
5/6/2010 21:00,5/6/2010 21:30,0,25.89,-27.1,7.069,7.9,0.1413,0,385.27,100,76.17,,,0.094998287,0.094998287,0.000248188,,,,,,
5/6/2010 21:30,5/6/2010 22:00,0,24.66,-25.06,7.523,7.9,0.1663,0,381.16,100,74.52,,,0.078138772,0.078138772,0.000204141,,,,,,
5/6/2010 22:00,5/6/2010 22:30,0,23.75,-23.79,6.762,7.5,0.1479,0,387.94,100,76.72,,,0,0,0,,,,,,
5/6/2010 22:30,5/6/2010 23:00,0,23.1,-18.56,6.299,7.5,0.1433,0,392.2,100,77.79,,,0,0,0,,,,,,
5/6/2010 23:00,5/6/2010 23:30,0,22.67,-20.23,6.349,7.1,0.1703,0,391.2,100,77.65,,,0,0,0,,,,,,
5/6/2010 23:30,5/7/2010 0:00,0,22.31,-18.92,6.108,7.1,0.2052,0,391.5,100,78.34,,,0,0,0,,,,,,
5/7/2010 0:00,5/7/2010 0:30,0,22.06,-20.07,5.718,6.9,0.2409,0,392.8,100,79.33,,,0,0,0,,,,,,
5/7/2010 0:30,5/7/2010 1:00,0,21.86,-18.4,5.616,6.9,0.2653,0,390.73,100,79.6,,,0,0,0,,,,,,
5/7/2010 1:00,5/7/2010 1:30,0,21.72,-22.63,5.591,6.4,0.2835,0,387.57,100,79.82,,,0,0,0,,,,,,
5/7/2010 1:30,5/7/2010 2:00,0,21.7,-21.24,5.763,6.4,0.2758,0,384.05,100,79.26,,,0,0,0,,,,,,
5/7/2010 2:00,5/7/2010 2:30,0,21.72,-30.65,6.25,6.3,0.3107,0,382.85,100,77.87,,,0,0,0,,,,,,
5/7/2010 2:30,5/7/2010 3:00,0,21.78,-22.79,6.49,6.3,0.2742,0,382.28,100,77.38,,,0,0,0,,,,,,
5/7/2010 3:00,5/7/2010 3:30,0,21.84,-18.7,6.792,6,0.2899,0,383.09,100,76.23,,,0,0,0,,,,,,
5/7/2010 3:30,5/7/2010 4:00,0,21.95,-14.53,7.318,6,0.2964,0,382.92,100,74.71,,,0,0,0,,,,,,
5/7/2010 4:00,5/7/2010 4:30,0,22.08,-9.59,7.739,5.7,0.2595,0,378.96,100,73.48,,,0,0,0,,,,,,
5/7/2010 4:30,5/7/2010 5:00,0,22.28,-9.26,7.726,5.7,0.2428,0,374.12,100,73.63,,,0.016749337,0.016749337,4.37585E-05,,,,,,
5/7/2010 5:00,5/7/2010 5:30,0,22.56,-9.28,8.306,5.5,0.2289,0,374.64,100,71.68,,,0.023441297,0.0234,6.11336E-05,,,,,,
5/7/2010 5:30,5/7/2010 6:00,0,22.5,-5.641,7.365,5.5,0.2134,0,376.17,100,74.88,,,0.030532777,0.0305,7.96827E-05,,,,,,
5/7/2010 6:00,5/7/2010 6:30,0,22.31,-0.331,6.573,5.8,0.2248,0.13,376.17,100,77.34,,,0.010545745,0.010545745,2.75513E-05,,,,,,
5/7/2010 6:30,5/7/2010 7:00,0,22.14,8.42,6.722,5.8,0.2173,16.52,412.48,100,76.55,,,0.016749337,0.016749337,4.37585E-05,,,,,,
5/7/2010 7:00,5/7/2010 7:30,0,22.36,21.51,7.359,7.5,0.2015,127.15,401.32,100,74.85,,,0.135396877,0.135396877,0.000353731,,,,,,
5/7/2010 7:30,5/7/2010 8:00,0,24.16,58.47,8.469,7.5,0.1873,354.5,383.61,100,72.67,,,1.265810017,1.265810017,0.00330699,,,,,,
5/7/2010 8:00,5/7/2010 8:30,0,26.53,49.04,8.659,9.3,0.1414,482.25,375.38,100,72.62,,,3.808094427,3.808094427,0.009948831,,,,,,
5/7/2010 8:30,5/7/2010 9:00,0,29.12,49.05,10.066,9.3,0.0743,780.8,373.13,100,68.95,,,6.983910295,6.983910295,0.018245804,,,,,,
5/7/2010 9:00,5/7/2010 9:30,0,32.08,89.6,10.342,10.2,0.0979,1000.5,367.6,100,68.81,,,9.983870231,9.983870231,0.026083345,,,,,,
5/7/2010 9:30,5/7/2010 10:00,0,34.54,80,9.68,10.2,0.1275,949.5,365.49,100,70.9,,,10.07070226,10.07070226,0.026310198,,,,,,
5/7/2010 10:00,5/7/2010 10:30,0,36.57,53.63,9.781,10.6,0.1478,1143,362.95,100,70.86,,,9.679055959,9.679055959,0.025287003,,,,,,
5/7/2010 10:30,5/7/2010 11:00,0,39.17,71.8,10.064,10.6,0.1188,1452,361.47,100,70.82,,,10.3462719,10.3462719,0.027030137,,,,,,
5/7/2010 11:00,5/7/2010 11:30,0,38.68,106.4,9.767,11,0.1387,1372.5,362.09,100,71.69,,,11.40168433,11.40168433,0.029787453,,,,,,
5/7/2010 11:30,5/7/2010 12:00,0,41.1,161.7,11.135,11,0.1575,1715.5,361.71,100,68.56,,,12.98753007,12.98753007,0.033930552,,,,,,
5/7/2010 12:00,5/7/2010 12:30,0,42.75,273.5,10.129,11.4,0.0707,1487.5,362,100,71.23,,,11.08881561,11.08881561,0.028970068,,,,,,
5/7/2010 12:30,5/7/2010 13:00,0,45.14,130.4,10.48,11.4,0.0896,1843,362.29,100,70.91,,,13.48287256,13.48287256,0.035224658,,,,,,
5/7/2010 13:00,5/7/2010 13:30,0,47.32,163.1,10.322,11.4,0.1073,2067.5,362.73,100,71.43,,,13.02637323,13.02637323,0.034032031,,,,,,
5/7/2010 13:30,5/7/2010 14:00,0,49.67,150.4,10.904,11.4,0.0979,2064,365.3,100,70.79,,,12.65689116,12.65689116,0.033066741,,,,,,
5/7/2010 14:00,5/7/2010 14:30,0,50.69,167,10.76,11.3,0.0718,1834.5,366.13,100,71.32,,,12.29200143,12.29200143,0.032113449,,,,,,
5/7/2010 14:30,5/7/2010 15:00,0,51.48,93,10.53,11.3,0.0818,1951.5,367.02,100,71.91,,,10.62509034,10.62509034,0.027758563,,,,,,
5/7/2010 15:00,5/7/2010 15:30,0,51.55,99.1,10.349,11,0.0533,1773.5,365.36,100,72.51,,,9.898266288,9.898266288,0.0258597,,,,,,
5/7/2010 15:30,5/7/2010 16:00,0,51.15,61.07,11.223,11,0.0525,1621.5,365.59,100,70.35,,,9.798066211,9.798066211,0.025597923,,,,,,
5/7/2010 16:00,5/7/2010 16:30,0,50.3,96.1,11.759,10.9,0.0514,1453,366.33,100,69.49,,,9.062718205,9.062718205,0.02367679,,,,,,
5/7/2010 16:30,5/7/2010 17:00,0,49.48,96.6,11.722,10.9,0.0649,1387,364.98,100,69.49,,,9.446485935,9.446485935,0.024679402,,,,,,
5/7/2010 17:00,5/7/2010 17:30,0,47.72,54.43,10.063,10.5,0.0309,1006.45,366.69,100,73.55,,,7.613098484,7.613098484,0.019889589,,,,,,
5/7/2010 17:30,5/7/2010 18:00,0,45.79,58.5,10.409,10.5,0.0281,909,367.84,100,72.17,,,4.194878188,4.194878188,0.010959323,,,,,,
5/7/2010 18:00,5/7/2010 18:30,0,43.66,25.6,9.705,9.9,0.0574,596.4,369.87,100,73.75,,,3.01167522,3.01167522,0.007868147,,,,,,
5/7/2010 18:30,5/7/2010 19:00,0,40.35,-0.894,7.77,9.9,0.0329,271.55,372.33,100,77.71,,,1.593145941,1.593145941,0.004162171,,,,,,
5/7/2010 19:00,5/7/2010 19:30,0,37.14,-8.21,7.216,8.4,0.0445,166.15,376.34,100,78.92,,,0.078966123,0.078966123,0.000206303,,,,,,
5/7/2010 19:30,5/7/2010 20:00,0,34.15,-7.37,6.637,8.4,0.0352,72.71,378.79,100,80.4,,,0,0,0,,,,,,
5/7/2010 20:00,5/7/2010 20:30,0,31.72,-6.816,6.032,8.1,0.057,8.6,383.28,100,82.05,,,0,0,0,,,,,,
5/7/2010 20:30,5/7/2010 21:00,0,29.75,-13.66,5.957,8.1,0.064,0,384.55,100,82.1,,,0,0,0,,,,,,
5/7/2010 21:00,5/7/2010 21:30,0,28.49,-35.5,5.575,7.7,0.066,0,385.27,100,83.15,,,0,0,0,,,,,,
5/7/2010 21:30,5/7/2010 22:00,0,27.59,-41.68,5.761,7.7,0.0612,0,381.16,100,82.55,,,0,0,0,,,,,,
5/7/2010 22:00,5/7/2010 22:30,0,26.93,-39.37,5.326,7.3,0.0522,0,387.94,100,83.8,,,0,0,0,,,,,,
5/7/2010 22:30,5/7/2010 23:00,0,26.56,-40.06,4.977,7.3,0.1007,0,392.2,100,84.8,,,0,0,0,,,,,,
5/7/2010 23:00,5/7/2010 23:30,0,26.53,-5.391,5.878,7,0.0942,0,391.2,100,82.15,,,0,0,0,,,,,,
5/7/2010 23:30,5/8/2010 0:00,0,26.56,-1.211,6.262,7,0.1603,0,391.5,100,81.1,,,0,0,0,,,,,,
