Timestamp,time,Timestamp,Year,DOY (DOY),Timee (min),CO2 ( umol/mol),RH (%),UST (m/s),UTop (m/s),Tatop (deg C),PAR (umol/m2/s),PRESS (kPa),Rn (w/m2),EVobs (W/m^2),Soil moisture (%),Precipitation (mm),VPD (kpa),SapFlux_mangrove_5mm (kg/m2-sapwood/s),SapFlux_mangrove2,Salinity M,E ,Tw (water temp) K
4/28/2010,0:00,4/28/10 00:00,2010,118,0,403.4,62.92,0.199,7.3,18.25,0,100,-7.49,23.539,45,0,0.8026,0,0,0.6,0.97,296.483
4/28/2010,0:30,4/28/10 00:30,2010,118,30,406.76,64.94,0.2201,7.3,18.05,0,100,-10.12,32.95,45,0,0.7529,0,0,0.6,0.97,296.483
4/28/2010,1:00,4/28/10 01:00,2010,118,100,412.91,62.07,0.2583,7,17.92,0,100,-8.75,55.034,45,0,0.814,0,0,0.6,0.97,296.483
4/28/2010,1:30,4/28/10 01:30,2010,118,130,419.72,61.99,0.2641,7,17.87,0,100,-15.77,69.563,45,0,0.818,0,0,0.6,0.97,296.483
4/28/2010,2:00,4/28/10 02:00,2010,118,200,430.4,59.6,0.2721,6.6,17.97,0,100,-10.1,62.186,45,0,0.8927,0,0,0.6,0.97,296.483
4/28/2010,2:30,4/28/10 02:30,2010,118,230,428.97,61.62,0.3817,6.6,18.07,0,100,-19.28,92.58,45,0,0.8451,0,0,0.6,0.97,296.483
4/28/2010,3:00,4/28/10 03:00,2010,118,300,435.48,64.03,0.3069,6.3,18.1,0,100,-22.93,74.816,45,0,0.7811,0,0,0.6,0.97,296.483
4/28/2010,3:30,4/28/10 03:30,2010,118,330,448.65,65.65,0.3273,6.3,18.05,0,100,-15.04,90.065,45,0,0.7399,0,0,0.6,0.97,296.483
4/28/2010,4:00,4/28/10 04:00,2010,118,400,464.89,64.55,0.2858,6.3,17.84,0,100,-31.87,91.787,45,0,0.7463,0,0,0.6,0.97,296.483
4/28/2010,4:30,4/28/10 04:30,2010,118,430,472.37,64.82,0.304,6.3,17.62,0,100,-34.89,55.052,45,0,0.7316,0,0,0.6,0.97,296.483
4/28/2010,5:00,4/28/10 05:00,2010,118,500,463,67.27,0.318,6,17.34,0,100,-9.8,59.61,45,0,0.6718,0,0,0.6,0.97,296.483
4/28/2010,5:30,4/28/10 05:30,2010,118,530,465.23,68.71,0.305,6,17.06,0.02,100,33.12,73.701,45,0,0.6295,0.007981958,0.007981958,0.6,0.97,296.483
4/28/2010,6:00,4/28/10 06:00,2010,118,600,442.35,68.94,0.3058,6.3,16.89,0.03,100,76,54.896,45,0,0.6294,0.165724051,0.165724051,0.6,0.97,296.483
4/28/2010,6:30,4/28/10 06:30,2010,118,630,417.15,68.2,0.2233,6.3,16.81,6.43,100,120.3,51.394,45,0,0.6451,0.216224868,0.216224868,0.6,0.97,296.483
4/28/2010,7:00,4/28/10 07:00,2010,118,700,402.08,65.84,0.2785,7.8,16.98,79.82,100,239.6,44.038,45,0,0.7026,0.254068286,0.254068286,0.6,0.97,296.483
4/28/2010,7:30,4/28/10 07:30,2010,118,730,386.38,61.65,0.1614,7.8,17.79,228.5,100,345.1,24.029,45,0,0.8304,0.326486966,0.326486966,0.6,0.97,296.483
4/28/2010,8:00,4/28/10 08:00,2010,118,800,375.76,59.17,0.1048,9.8,19.1,442.9,100,434.1,7.494,45,0,0.9256,1.20251385,1.20251385,0.6,0.97,296.483
4/28/2010,8:30,4/28/10 08:30,2010,118,830,370.85,55.57,0.095,9.8,21.02,690.35,100,461.2,7.494,45,0,1.0614,2.277070931,2.277070931,0.6,0.97,296.483
4/28/2010,9:00,4/28/10 09:00,2010,118,900,367.52,54.31,0.078,10.6,23.1,833.2,100,508,7.494,45,0,1.1194,3.346388257,3.346388257,0.6,0.97,296.483
4/28/2010,9:30,4/28/10 09:30,2010,118,930,375.49,52.41,0.0758,10.6,23.1,1072.5,100,587.2,7.494,45,0,1.1978,4.322823663,4.322823663,0.6,0.97,296.483
4/28/2010,10:00,4/28/10 10:00,2010,118,1000,374.62,49.75,0.0743,11.2,25.61,1415,100,634.1,7.494,45,0,1.3075,5.701905908,5.701905908,0.6,0.97,296.483
4/28/2010,10:30,4/28/10 10:30,2010,118,1030,371,49.98,0.0908,11.2,29.08,1586,100,661.7,-2.726,45,0,1.3357,5.071407245,5.071407245,0.6,0.97,296.483
4/28/2010,11:00,4/28/10 11:00,2010,118,1100,370.2,47.35,0.0574,11.4,32.37,1745.5,100,684.8,-3.338,45,0,1.4057,4.703475095,4.703475095,0.6,0.97,296.483
4/28/2010,11:30,4/28/10 11:30,2010,118,1130,370.07,48.5,0.0369,11.4,35.08,1871,100,699.3,-3.338,45,0,1.384,5.292220513,5.292220513,0.6,0.97,296.483
4/28/2010,12:00,4/28/10 12:00,2010,118,1200,369.57,51.71,0.0865,12,37.14,1963.5,100,702,11.016,45,0,1.2924,6.515182684,6.515182684,0.6,0.97,296.483
4/28/2010,12:30,4/28/10 12:30,2010,118,1230,369.03,50.63,0.0196,12,38.95,2024.5,100,692.5,11.016,45,0,1.3198,6.027959492,6.027959492,0.6,0.97,296.483
4/28/2010,13:00,4/28/10 13:00,2010,118,1300,369.05,48.19,0.0214,12,40.49,2050.5,100,664.1,11.016,45,0,1.3983,5.640839713,5.640839713,0.6,0.97,296.483
4/28/2010,13:30,4/28/10 13:30,2010,118,1330,370.21,51.76,0.0257,12,41.77,2016,100,637.4,-4.954,45,0,1.3306,5.632858066,5.632858066,0.6,0.97,296.483
4/28/2010,14:00,4/28/10 14:00,2010,118,1400,370.16,48.86,0.0578,12,42.8,2022,100,548.8,-4.954,45,0,1.4374,5.838910254,5.838910254,0.6,0.97,296.483
4/28/2010,14:30,4/28/10 14:30,2010,118,1430,370.75,48.1,0.033,12,43.51,1959,100,505.6,-4.954,45,0,1.4621,5.165090939,5.165090939,0.6,0.97,296.483
4/28/2010,15:00,4/28/10 15:00,2010,118,1500,370.76,46.56,0.0226,11.8,43.97,1840,100,404.2,-4.954,45,0,1.5325,4.457278723,4.457278723,0.6,0.97,296.483
4/28/2010,15:30,4/28/10 15:30,2010,118,1530,369.74,44.86,0.0195,11.8,43.71,1705.5,100,337.1,14.769,45,0,1.588,4.304913889,4.304913889,0.6,0.97,296.483
4/28/2010,16:00,4/28/10 16:00,2010,118,1600,368.91,46.68,0.025,11.4,43,1349,100,267.8,14.769,45,0,1.5078,3.158988037,3.158988037,0.6,0.97,296.483
4/28/2010,16:30,4/28/10 16:30,2010,118,1630,368.74,50.8,0.047,11.4,42.01,1365,100,180.3,14.769,45,0,1.388,2.596943532,2.596943532,0.6,0.97,296.483
4/28/2010,17:00,4/28/10 17:00,2010,118,1700,368.86,47.33,0.0546,11,40.63,1162,100,-0.901,4.169,45,0,1.4734,2.169787097,2.169787097,0.6,0.97,296.483
4/28/2010,17:30,4/28/10 17:30,2010,118,1730,369.84,49.14,0.0724,11,38.68,856.3,100,21.57,-41.604,45,0,1.4006,2.13682569,2.13682569,0.6,0.97,296.483
4/28/2010,18:00,4/28/10 18:00,2010,118,1800,370.16,52.32,0.0654,10.3,35.8,463,100,-27.1,-41.213,45,0,1.2515,1.212366743,1.212366743,0.6,0.97,296.483
4/28/2010,18:30,4/28/10 18:30,2010,118,1830,374.18,49.93,0.06,10.3,33.51,502.55,100,-59.82,-22.782,45,0,1.3367,0.396090378,0.396090378,0.6,0.97,296.483
4/28/2010,19:00,4/28/10 19:00,2010,118,1900,375.76,53.33,0.0463,8.8,31.47,284.3,100,-63.96,-22.782,45,0,1.2198,0.500811056,0.500811056,0.6,0.97,296.483
4/28/2010,19:30,4/28/10 19:30,2010,118,1930,377.78,56.07,0.0305,8.8,28.53,71.54,100,-62.3,-22.782,45,0,1.0886,0.177601817,0.177601817,0.6,0.97,296.483
4/28/2010,20:00,4/28/10 20:00,2010,118,2000,378.26,58.94,0.061,8.5,25.49,4.54,100,-55.84,3.805,45,0,0.9604,0,0,0.6,0.97,296.483
4/28/2010,20:30,4/28/10 20:30,2010,118,2030,381,62.25,0.0223,8.5,23.18,0,100,-55.72,3.805,45,0,0.864,0,0,0.6,0.97,296.483
4/28/2010,21:00,4/28/10 21:00,2010,118,2100,386.24,60.18,0.0333,8.3,21.62,0,100,-58.75,3.805,45,0,0.9194,0,0,0.6,0.97,296.483
4/28/2010,21:30,4/28/10 21:30,2010,118,2130,396.8,61.23,0.0185,8.3,20.56,0,100,-56.29,3.805,45,0,0.8984,0,0,0.6,0.97,296.483
4/28/2010,22:00,4/28/10 22:00,2010,118,2200,394.34,61.55,0.0112,8,19.86,0,100,-54.81,3.805,45,0,0.8926,0,0,0.6,0.97,296.483
4/28/2010,22:30,4/28/10 22:30,2010,118,2230,399.34,61.26,0.0149,8,19.39,0,100,-53.82,3.805,45,0,0.9046,0,0,0.6,0.97,296.483
4/28/2010,23:00,4/28/10 23:00,2010,118,2300,417.94,64.21,0.0872,7.6,19.08,0,100,-56.13,3.805,45,0,0.8352,0,0,0.6,0.97,296.483
4/28/2010,23:30,4/28/10 23:30,2010,118,2330,415.18,63.45,0.0954,7.6,18.87,0,100,-60.93,102.376,45,0,0.8563,0,0,0.6,0.97,296.483
4/29/2010,0:00,4/29/10 00:00,2010,119,0,403.4,64.65,0.1155,7.3,18.79,0,100,-62.02,10.326,45,0,0.8331,0,0,0.6,0.97,296.483
4/29/2010,0:30,4/29/10 00:30,2010,119,30,406.76,64.83,0.0956,7.3,18.74,0,100,-59.21,14.314,45,0,0.8299,0,0,0.6,0.97,296.483
4/29/2010,1:00,4/29/10 01:00,2010,119,100,412.91,64.92,0.1289,7,18.64,0,100,-54.16,27.908,45,0,0.8245,0,0,0.6,0.97,296.483
4/29/2010,1:30,4/29/10 01:30,2010,119,130,419.72,65.41,0.1622,7,18.33,0,100,-51.27,44.065,45,0,0.7971,0,0,0.6,0.97,296.483
4/29/2010,2:00,4/29/10 02:00,2010,119,200,430.4,67.62,0.1005,6.6,17.92,0,100,-48.6,44.065,45,0,0.7346,0,0,0.6,0.97,296.483
4/29/2010,2:30,4/29/10 02:30,2010,119,230,428.97,70.11,0.2403,6.6,17.41,0,100,-50.02,96.009,45,0,0.6512,0,0,0.6,0.97,296.483
4/29/2010,3:00,4/29/10 03:00,2010,119,300,435.48,73.01,0.2743,6.3,16.84,0,100,-48.74,129.725,45,0,0.5702,0,0,0.6,0.97,296.483
4/29/2010,3:30,4/29/10 03:30,2010,119,330,448.65,70.02,0.2084,6.3,16.69,0,100,-46.86,96.932,45,0,0.663,0,0,0.6,0.97,296.483
4/29/2010,4:00,4/29/10 04:00,2010,119,400,464.89,68.6,0.2512,6.2,16.66,0,100,-28.47,106.162,45,0,0.6995,0.010928702,0.010928702,0.6,0.97,296.483
4/29/2010,4:30,4/29/10 04:30,2010,119,430,472.37,69.36,0.222,6.2,16.76,0,100,-31.32,103.273,45,0,0.7042,0.074287893,0.074287893,0.6,0.97,296.483
4/29/2010,5:00,4/29/10 05:00,2010,119,500,463,69.7,0.1213,6,16.89,0,100,-1.465,98.025,45,0,0.7006,0.128406972,0.128406972,0.6,0.97,296.483
4/29/2010,5:30,4/29/10 05:30,2010,119,530,465.23,69.02,0.1684,6,17.01,0,100,34.07,74.056,45,0,0.7194,0.165313085,0.165313085,0.6,0.97,296.483
4/29/2010,6:00,4/29/10 06:00,2010,119,600,442.35,69.36,0.2746,6.3,17.19,0,100,68.57,67.958,45,0,0.7128,0.319746072,0.319746072,0.6,0.97,296.483
4/29/2010,6:30,4/29/10 06:30,2010,119,630,417.15,70.12,0.266,6.3,17.41,7.36,100,158.2,55.586,45,0,0.7012,0.750264964,0.750264964,0.6,0.97,296.483
4/29/2010,7:00,4/29/10 07:00,2010,119,700,402.08,69.34,0.2809,7.8,17.97,79.77,100,234.1,48.33,45,0,0.7428,1.725306588,1.725306588,0.6,0.97,296.483
4/29/2010,7:30,4/29/10 07:30,2010,119,730,386.38,68.83,0.2559,7.8,19.42,263.85,100,317.1,33.875,45,0,0.7893,2.498570001,2.498570001,0.6,0.97,296.483
4/29/2010,8:00,4/29/10 08:00,2010,119,800,375.76,68.8,0.1409,9.8,21.45,486.75,100,400,13.213,45,0,0.8137,4.361168131,4.361168131,0.6,0.97,296.483
4/29/2010,8:30,4/29/10 08:30,2010,119,830,370.85,67.92,0.0708,9.8,23.81,724.8,100,469.7,13.213,45,0,0.8678,6.685791106,6.685791106,0.6,0.97,296.483
4/29/2010,9:00,4/29/10 09:00,2010,119,900,367.52,68.22,0.0485,10.6,26.37,961.5,100,540,13.213,45,0,0.8785,8.162759172,8.162759172,0.6,0.97,296.483
4/29/2010,9:30,4/29/10 09:30,2010,119,930,364.68,66.94,0.063,10.6,28.82,1186.5,100,435.6,13.213,45,0,0.9347,9.290826564,9.290826564,0.6,0.97,296.483
4/29/2010,10:00,4/29/10 10:00,2010,119,1000,364.72,70.18,0.0625,11.1,31.12,1394.5,100,383.8,13.213,45,0,0.8389,10.0227892,10.0227892,0.6,0.97,296.483
4/29/2010,10:30,4/29/10 10:30,2010,119,1030,364.37,68.99,0.045,11.1,33.06,1577,100,591.2,13.213,45,0,0.8784,9.521071915,9.521071915,0.6,0.97,296.483
4/29/2010,11:00,4/29/10 11:00,2010,119,1100,363.45,69.59,0.0777,11.3,35.04,1736.5,100,477.1,13.213,45,0,0.8794,9.291261872,9.291261872,0.6,0.97,296.483
4/29/2010,11:30,4/29/10 11:30,2010,119,1130,363.4,70.51,0.0758,11.3,36.57,1858.5,100,374.1,13.213,45,0,0.8582,9.846500009,9.846500009,0.6,0.97,296.483
4/29/2010,12:00,4/29/10 12:00,2010,119,1200,361.96,71.95,0.0559,12,37.52,1962.5,100,436,13.213,45,0,0.8102,9.859851552,9.859851552,0.6,0.97,296.483
4/29/2010,12:30,4/29/10 12:30,2010,119,1230,361.88,73.9,0.1064,12,38.25,2013.5,100,302.5,13.213,45,0,0.7553,10.23464976,10.23464976,0.6,0.97,296.483
4/29/2010,13:00,4/29/10 13:00,2010,119,1300,363.08,72.8,0.0507,11.9,38.73,1980,100,260.9,13.213,45,0,0.7914,9.964651271,9.964651271,0.6,0.97,296.483
4/29/2010,13:30,4/29/10 13:30,2010,119,1330,360.83,72.13,0.0465,11.9,39.08,2019.5,100,282.1,13.213,45,0,0.8192,10.14491865,10.14491865,0.6,0.97,296.483
4/29/2010,14:00,4/29/10 14:00,2010,119,1400,359.38,72.85,0.0605,12,39.22,1985,100,136.9,13.213,45,0,0.7989,10.37999129,10.37999129,0.6,0.97,296.483
4/29/2010,14:30,4/29/10 14:30,2010,119,1430,361.02,72.39,0.0533,12,39.17,1933,100,100.7,13.213,45,0,0.8157,9.865216053,9.865216053,0.6,0.97,296.483
4/29/2010,15:00,4/29/10 15:00,2010,119,1500,362.67,74.4,0.0322,11.7,39.13,1870,100,77.9,13.213,45,0,0.7576,9.230057738,9.230057738,0.6,0.97,296.483
4/29/2010,15:30,4/29/10 15:30,2010,119,1530,360.75,75.56,0.0299,11.7,38.64,1549,100,59.67,13.213,45,0,0.7202,8.960677613,8.960677613,0.6,0.97,296.483
4/29/2010,16:00,4/29/10 16:00,2010,119,1600,357.5,75.57,0.0307,11.3,37.74,1432.5,100,101.8,13.213,45,0,0.7167,7.626821407,7.626821407,0.6,0.97,296.483
4/29/2010,16:30,4/29/10 16:30,2010,119,1630,360.31,76.36,0.0193,11.3,37.1,1328,100,81.9,13.213,45,0,0.6968,7.359086998,7.359086998,0.6,0.97,296.483
4/29/2010,17:00,4/29/10 17:00,2010,119,1700,363.2,77.46,0.0437,11,35.92,994,100,37.1,13.213,45,0,0.6507,6.543273951,6.543273951,0.6,0.97,296.483
4/29/2010,17:30,4/29/10 17:30,2010,119,1730,367.37,77.74,0.028,11,34.38,834.75,100,0.414,13.213,45,0,0.6368,5.324399305,5.324399305,0.6,0.97,296.483
4/29/2010,18:00,4/29/10 18:00,2010,119,1800,367.48,81.5,0.0269,10.2,32.48,446.85,100,-63.08,13.213,45,0,0.5169,4.48886575,4.48886575,0.6,0.97,296.483
4/29/2010,18:30,4/29/10 18:30,2010,119,1830,372.88,83.05,0.0445,10.2,30.36,284.25,100,-31.82,13.213,45,0,0.4667,3.425331205,3.425331205,0.6,0.97,296.483
4/29/2010,19:00,4/29/10 19:00,2010,119,1900,376.67,84.7,0.0324,8.8,28.36,94.14,100,-33.96,13.213,45,0,0.4155,3.004530691,3.004530691,0.6,0.97,296.483
4/29/2010,19:30,4/29/10 19:30,2010,119,1930,380.75,85,0.0501,8.8,26.87,35.17,100,-50.7,13.213,45,0,0.4066,2.7364013,2.7364013,0.6,0.97,296.483
4/29/2010,20:00,4/29/10 20:00,2010,119,2000,385.26,85.4,0.0251,8.5,25.79,2.54,100,-41,13.213,45,0,0.3948,2.75852687,2.75852687,0.6,0.97,296.483
4/29/2010,20:30,4/29/10 20:30,2010,119,2030,391.35,86.05,0.211,8.5,24.89,0,100,-64.51,13.213,45,0,0.377,3.019341033,3.019341033,0.6,0.97,296.483
4/29/2010,21:00,4/29/10 21:00,2010,119,2100,391.94,87.1,0.0381,8.3,24.25,0,100,-54.87,13.213,45,0,0.349,3.07254864,3.07254864,0.6,0.97,296.483
4/29/2010,21:30,4/29/10 21:30,2010,119,2130,398.3,86.7,0.079,8.3,23.78,0,100,-55.72,13.213,45,0,0.3626,2.38017283,2.38017283,0.6,0.97,296.483
4/29/2010,22:00,4/29/10 22:00,2010,119,2200,394.05,86.25,0.1016,8,23.58,0,100,-57.31,13.213,45,0,0.3788,1.944164167,1.944164167,0.6,0.97,296.483
4/29/2010,22:30,4/29/10 22:30,2010,119,2230,395.65,86.6,0.1055,8,23.38,0,100,-60.05,13.213,45,0,0.3697,1.732269892,1.732269892,0.6,0.97,296.483
4/29/2010,23:00,4/29/10 23:00,2010,119,2300,398.73,86.4,0.0887,7.5,23.18,0,100,-52.65,13.213,45,0,0.3744,1.440801938,1.440801938,0.6,0.97,296.483
4/29/2010,23:30,4/29/10 23:30,2010,119,2330,420.36,85.35,0.0655,7.5,23.1,0,100,-51.48,13.213,45,0,0.4056,1.240283866,1.240283866,0.6,0.97,296.483
4/30/2010,0:00,4/30/10 00:00,2010,120,0,420.52,82.95,0.0539,7.2,23.04,0,100,-49.64,13.213,45,0,0.473,0,0,0.6,0.97,296.483
4/30/2010,0:30,4/30/10 00:30,2010,120,30,431.6,81.85,0.1225,7.2,23.07,0,100,-50.92,13.213,45,0,0.5036,0,0,0.6,0.97,296.483
4/30/2010,1:00,4/30/10 01:00,2010,120,100,448.91,83.25,0.1451,7,23.18,0,100,-51.28,13.213,45,0,0.465,0,0,0.6,0.97,296.483
4/30/2010,1:30,4/30/10 01:30,2010,120,130,425.03,84.3,0.1567,7,23.18,0,100,-52.79,13.213,45,0,0.4343,0,0,0.6,0.97,296.483
4/30/2010,2:00,4/30/10 02:00,2010,120,200,435.04,83.95,0.2077,6.6,23.12,0,100,-51.07,13.213,45,0,0.4429,0,0,0.6,0.97,296.483
4/30/2010,2:30,4/30/10 02:30,2010,120,230,453.51,83.85,0.3035,6.6,23.07,0,100,-55.97,13.213,45,0,0.4473,0,0,0.6,0.97,296.483
4/30/2010,3:00,4/30/10 03:00,2010,120,300,446.9,84.6,0.2355,6.3,23.01,0,100,-60.82,13.213,45,0,0.4269,0,0,0.6,0.97,296.483
4/30/2010,3:30,4/30/10 03:30,2010,120,330,428.04,85.2,0.2715,6.3,23.1,0,100,-61.13,13.213,45,0,0.4124,0,0,0.6,0.97,296.483
4/30/2010,4:00,4/30/10 04:00,2010,120,400,413.16,86.05,0.2419,6.3,23.18,0,100,-60.67,13.213,45,0,0.3892,0,0,0.6,0.97,296.483
4/30/2010,4:30,4/30/10 04:30,2010,120,430,408.36,87,0.283,6.3,23.15,0,100,-53.07,13.213,45,0,0.3618,0,0,0.6,0.97,296.483
4/30/2010,5:00,4/30/10 05:00,2010,120,500,410.56,87.4,0.2716,6,23.1,0,100,-32.95,13.213,45,0,0.3502,0,0,0.6,0.97,296.483
4/30/2010,5:30,4/30/10 05:30,2010,120,530,413.11,87.85,0.2902,6,23.04,0,100,4.237,13.213,45,0,0.3375,0,0,0.6,0.97,296.483
4/30/2010,6:00,4/30/10 06:00,2010,120,600,408.22,88.25,0.2464,6.3,23.04,0,100,80.5,13.213,45,0,0.326,0,0,0.6,0.97,296.483
4/30/2010,6:30,4/30/10 06:30,2010,120,630,395.8,87.6,0.2985,6.3,23.15,6.23,100,159.5,13.213,45,0,0.3479,0.073334207,0.073334207,0.6,0.97,296.483
4/30/2010,7:00,4/30/10 07:00,2010,120,700,384.79,87.05,0.3067,7.8,23.38,42.29,100,243.4,13.213,45,0,0.3689,0.235209371,0.235209371,0.6,0.97,296.483
4/30/2010,7:30,4/30/10 07:30,2010,120,730,373.24,87.15,0.2338,7.8,23.87,143.65,100,326.5,13.213,45,0,0.3684,0.164843979,0.164843979,0.6,0.97,296.483
4/30/2010,8:00,4/30/10 08:00,2010,120,800,371.93,86.6,0.2465,9.8,24.51,163.1,100,408,13.213,45,0,0.3882,0.247012863,0.247012863,0.6,0.97,296.483
4/30/2010,8:30,4/30/10 08:30,2010,120,830,373.48,86,0.2117,9.8,25.1,219.55,100,476.8,13.213,45,0,0.4101,0.264245616,0.264245616,0.6,0.97,296.483
4/30/2010,9:00,4/30/10 09:00,2010,120,900,373.43,84.25,0.1381,10.6,26.04,477.75,100,541.7,13.213,45,0,0.4707,0.406184489,0.406184489,0.6,0.97,296.483
4/30/2010,9:30,4/30/10 09:30,2010,120,930,373.06,83.35,0.0821,10.6,27.25,576.8,100,588.3,13.213,45,0,0.5078,1.046206304,1.046206304,0.6,0.97,296.483
4/30/2010,10:00,4/30/10 10:00,2010,120,1000,369.3,83.1,0.0719,11.1,28.23,562.4,100,634.8,13.213,45,0,0.5209,1.496482913,1.496482913,0.6,0.97,296.483
4/30/2010,10:30,4/30/10 10:30,2010,120,1030,369.61,82.8,0.0555,11.1,28.99,652.75,100,666.9,13.213,45,0,0.5349,1.814159922,1.814159922,0.6,0.97,296.483
4/30/2010,11:00,4/30/10 11:00,2010,120,1100,370.52,82.9,0.0199,11.3,29.75,687.3,100,688.7,13.213,45,0,0.536,2.003477231,2.003477231,0.6,0.97,296.483
4/30/2010,11:30,4/30/10 11:30,2010,120,1130,371.38,82.85,0.0573,11.3,30.53,773,100,702,13.213,45,0,0.5444,2.24282205,2.24282205,0.6,0.97,296.483
4/30/2010,12:00,4/30/10 12:00,2010,120,1200,370.93,82.7,0.0412,11.9,30.98,712.2,100,691,13.213,45,0,0.5526,2.383936876,2.383936876,0.6,0.97,296.483
4/30/2010,12:30,4/30/10 12:30,2010,120,1230,371,84.35,0.0829,11.9,31.05,603.05,100,604.8,13.213,45,0,0.4995,2.021834389,2.021834389,0.6,0.97,296.483
4/30/2010,13:00,4/30/10 13:00,2010,120,1300,370.45,83.05,0.1115,11.9,31.23,750.65,100,683.9,-1.452,45,0,0.5454,1.654731508,1.654731508,0.6,0.97,296.483
4/30/2010,13:30,4/30/10 13:30,2010,120,1330,369.63,81.8,0.1761,11.9,32.19,917.5,100,565.1,-9999,45,0,0.6066,2.391636246,2.391636246,0.6,0.97,296.483
4/30/2010,14:00,4/30/10 14:00,2010,120,1400,369.24,81.6,0.2429,11.9,32.92,944.5,100,525,1.583,45,0,0.6124,2.941825635,2.941825635,0.6,0.97,296.483
4/30/2010,14:30,4/30/10 14:30,2010,120,1430,368.56,80.5,0.2234,11.9,33.92,1069,100,488.5,1.306,45,0,0.6593,3.430633953,3.430633953,0.6,0.97,296.483
4/30/2010,15:00,4/30/10 15:00,2010,120,1500,367.67,81.95,0.3355,11.7,34.34,950,100,405.9,2.345,45,0,0.6056,3.512621924,3.512621924,0.6,0.97,296.483
4/30/2010,15:30,4/30/10 15:30,2010,120,1530,367.98,82.1,0.2861,11.7,34.34,856.5,100,334.2,-1.552,45,0,0.5965,2.778144293,2.778144293,0.6,0.97,296.483
4/30/2010,16:00,4/30/10 16:00,2010,120,1600,368.13,81.75,0.2449,11.2,34.38,834,100,263.1,-2.166,45,0,0.614,2.269984671,2.269984671,0.6,0.97,296.483
4/30/2010,16:30,4/30/10 16:30,2010,120,1630,369.34,83.4,0.3238,11.2,33.89,521.05,100,193.4,1.167,45,0,0.5509,1.602661708,1.602661708,0.6,0.97,296.483
4/30/2010,17:00,4/30/10 17:00,2010,120,1700,369.03,84.55,0.3863,11,32.84,422.75,100,-2.148,7.421,45,0,0.505,1.007812682,1.007812682,0.6,0.97,296.483
4/30/2010,17:30,4/30/10 17:30,2010,120,1730,369.97,85.3,0.3606,11,31.86,359.55,100,15.12,7.555,45,0,0.4766,0.391262213,0.391262213,0.6,0.97,296.483
4/30/2010,18:00,4/30/10 18:00,2010,120,1800,371.02,85.6,0.3472,10.2,30.91,259.25,100,-30.94,7.555,45,0,0.4642,0.454588911,0.454588911,0.6,0.97,296.483
4/30/2010,18:30,4/30/10 18:30,2010,120,1830,373.86,86.25,0.3003,10.2,29.99,170.5,100,-62.55,18.459,45,0,0.4389,0.167862711,0.167862711,0.6,0.97,296.483
4/30/2010,19:00,4/30/10 19:00,2010,120,1900,376.79,86.8,0.2807,8.8,29.12,102.05,100,-62.61,13.14,45,0,0.4169,0,0,0.6,0.97,296.483
4/30/2010,19:30,4/30/10 19:30,2010,120,1930,379.03,87.15,0.2805,8.8,28.2,37.02,100,-62.96,14.135,45,0,0.4019,0,0,0.6,0.97,296.483
4/30/2010,20:00,4/30/10 20:00,2010,120,2000,382.37,87.9,0.2987,8.4,27.34,4.08,100,-59.01,13.535,45,0,0.3745,0,0,0.6,0.97,296.483
4/30/2010,20:30,4/30/10 20:30,2010,120,2030,383.73,88.2,0.3025,8.4,26.65,0,100,-58.34,11.189,45,0,0.364,0,0,0.6,0.97,296.483
4/30/2010,21:00,4/30/10 21:00,2010,120,2100,386.12,88.5,0.3681,8.2,26.04,0,100,-56.48,11.674,45,0,0.3535,0,0,0.6,0.97,296.483
4/30/2010,21:30,4/30/10 21:30,2010,120,2130,383.61,88.95,0.3547,8.2,25.64,0,100,-54.78,12.395,45,0,0.3378,0,0,0.6,0.97,296.483
4/30/2010,22:00,4/30/10 22:00,2010,120,2200,409.06,88.75,0.3219,7.9,25.31,0,100,-51.89,4.587,45,0,0.3436,0,0,0.6,0.97,296.483
4/30/2010,22:30,4/30/10 22:30,2010,120,2230,416.42,88.55,0.3524,7.9,25.1,0,100,-53.12,7.279,45,0,0.3493,0,0,0.6,0.97,296.483
4/30/2010,23:00,4/30/10 23:00,2010,120,2300,417.87,88.55,0.3546,7.4,24.95,0,100,-56.84,6.748,45,0,0.349,0,0,0.6,0.97,296.483
4/30/2010,23:30,4/30/10 23:30,2010,120,2330,412.05,88.9,0.4208,7.4,24.84,0,100,-50.32,9.927,45,0,0.3373,0,0,0.6,0.97,296.483
5/1/2010,0:00,5/01/10 00:00,2010,121,0,415.61,89.35,0.4103,7.2,24.78,0,100,-49.69,17.705,45,0,0.3231,0,0,0.6,0.97,296.483
5/1/2010,0:30,5/01/10 00:30,2010,121,30,411.59,89.6,0.4493,7.2,24.72,0,100,-50.77,17.705,45,0,0.3148,0,0,0.6,0.97,296.483
5/1/2010,1:00,5/01/10 01:00,2010,121,100,413.47,90.25,0.4374,6.9,24.69,0,100,-49.81,17.705,45,0,0.2938,0,0,0.6,0.97,296.483
5/1/2010,1:30,5/01/10 01:30,2010,121,130,430.64,90.4,0.3882,6.9,24.72,0,100,-47.12,52.667,45,0,0.2895,0,0,0.6,0.97,296.483
5/1/2010,2:00,5/01/10 02:00,2010,121,200,430.99,90.25,0.3709,6.4,24.75,0,100,-45.84,58.185,45,0,0.2948,0,0,0.6,0.97,296.483
5/1/2010,2:30,5/01/10 02:30,2010,121,230,426.13,89.95,0.3276,6.4,24.81,0,100,-44.65,60.024,45,0,0.3051,0,0,0.6,0.97,296.483
5/1/2010,3:00,5/01/10 03:00,2010,121,300,420.23,89.85,0.3409,6.2,24.89,0,100,-46.06,77.907,45,0,0.3095,0,0,0.6,0.97,296.483
5/1/2010,3:30,5/01/10 03:30,2010,121,330,406.01,89.65,0.3028,6.2,24.95,0,100,-46.14,85.283,45,0,0.3166,0,0,0.6,0.97,296.483
5/1/2010,4:00,5/01/10 04:00,2010,121,400,415.49,89.2,0.3231,6.2,25.04,0,100,-47.39,93.522,45,0,0.3329,0,0,0.6,0.97,296.483
5/1/2010,4:30,5/01/10 04:30,2010,121,430,445.64,89,0.2985,6.2,25.1,0,100,-40.29,69.844,45,0,0.3393,0,0,0.6,0.97,296.483
5/1/2010,5:00,5/01/10 05:00,2010,121,500,430.41,88.7,0.3446,5.9,25.16,0,100,-10.9,85.177,45,0,0.3486,0,0,0.6,0.97,296.483
5/1/2010,5:30,5/01/10 05:30,2010,121,530,424.48,88.7,0.3419,5.9,25.22,0,100,34.83,94.106,45,0,0.3487,0,0,0.6,0.97,296.483
5/1/2010,6:00,5/01/10 06:00,2010,121,600,413.05,88.75,0.3072,6.3,25.28,0,100,93.3,54.058,45,0,0.3454,0,0,0.6,0.97,296.483
5/1/2010,6:30,5/01/10 06:30,2010,121,630,398.99,88.8,0.3131,6.3,25.19,7.95,100,163.2,48.922,45,0,0.3424,0.017883885,0.017883885,0.6,0.97,296.483
5/1/2010,7:00,5/01/10 07:00,2010,121,700,380.4,88.3,0.2778,7.8,25.16,77.16,100,244.1,53.366,45,0,0.3577,0.093665685,0.093665685,0.6,0.97,296.483
5/1/2010,7:30,5/01/10 07:30,2010,121,730,371.76,86.7,0.2893,7.8,25.46,225.75,100,324.9,33.109,45,0,0.4122,0.116853717,0.116853717,0.6,0.97,296.483
5/1/2010,8:00,5/01/10 08:00,2010,121,800,369.9,84.55,0.2421,9.8,26.31,429.35,100,407.5,25.959,45,0,0.492,0.516711744,0.516711744,0.6,0.97,296.483
5/1/2010,8:30,5/01/10 08:30,2010,121,830,369.41,82.15,0.2111,9.8,27.63,630.6,100,482.1,25.959,45,0,0.5846,1.487813215,1.487813215,0.6,0.97,296.483
5/1/2010,9:00,5/01/10 09:00,2010,121,900,368.72,82.15,0.1836,10.6,28.99,674.6,100,544.7,25.959,45,0,0.5885,2.428782749,2.428782749,0.6,0.97,296.483
5/1/2010,9:30,5/01/10 09:30,2010,121,930,367.19,81.3,0.1523,10.6,30.09,884,100,606.4,25.959,45,0,0.6196,2.778527419,2.778527419,0.6,0.97,296.483
5/1/2010,10:00,5/01/10 10:00,2010,121,1000,366.44,80.6,0.1178,11.1,31.26,959,100,649.9,0.778,45,0,0.6494,3.863048171,3.863048171,0.6,0.97,296.483
5/1/2010,10:30,5/01/10 10:30,2010,121,1030,366.59,81.6,0.0711,11.1,31.86,842.5,100,681,0.778,45,0,0.6085,4.112742332,4.112742332,0.6,0.97,296.483
5/1/2010,11:00,5/01/10 11:00,2010,121,1100,366.85,81.4,0.0517,11.3,32.22,740.75,100,697.5,0.778,45,0,0.6131,2.735902622,2.735902622,0.6,0.97,296.483
5/1/2010,11:30,5/01/10 11:30,2010,121,1130,367.51,80.15,0.0515,11.3,33.66,1315,100,710,0.778,45,0,0.6734,3.705350179,3.705350179,0.6,0.97,296.483
5/1/2010,12:00,5/01/10 12:00,2010,121,1200,368.46,78.98,0.0211,11.7,36.4,1853.5,100,702,0.778,45,0,0.7433,6.713899996,6.713899996,0.6,0.97,296.483
5/1/2010,12:30,5/01/10 12:30,2010,121,1230,368.13,78.69,0.0398,11.7,38.42,1904,100,679.2,0.778,45,0,0.757,7.470698967,7.470698967,0.6,0.97,296.483
5/1/2010,13:00,5/01/10 13:00,2010,121,1300,367.32,79.49,0.0544,11.8,39.62,1879.5,100,661.2,0.778,45,0,0.7284,7.479682226,7.479682226,0.6,0.97,296.483
5/1/2010,13:30,5/01/10 13:30,2010,121,1330,365.95,77.29,0.0343,11.8,40.54,1993.5,100,627.2,0.778,45,0,0.83,7.721708519,7.721708519,0.6,0.97,296.483
5/1/2010,14:00,5/01/10 14:00,2010,121,1400,365.31,78.59,0.0344,11.8,40.77,1733.5,100,579.3,6.222,45,0,0.7775,7.027789456,7.027789456,0.6,0.97,296.483
5/1/2010,14:30,5/01/10 14:30,2010,121,1430,365.6,79.94,0.0414,11.8,40.54,1730.5,100,498.2,-9999,45,0,0.7212,6.178596161,6.178596161,0.6,0.97,296.483
5/1/2010,15:00,5/01/10 15:00,2010,121,1500,365.44,79.59,0.0541,11.6,39.98,1600,100,398.9,-16.799,45,0,0.7325,5.618664727,5.618664727,0.6,0.97,296.483
5/1/2010,15:30,5/01/10 15:30,2010,121,1530,363.82,78.05,0.0198,11.6,40.3,1684,100,325.6,-16.799,45,0,0.8106,6.212265987,6.212265987,0.6,0.97,296.483
5/1/2010,16:00,5/01/10 16:00,2010,121,1600,361.92,79.82,0.0628,11.2,40.16,1510.5,100,201.3,-16.799,45,0,0.7384,5.761216338,5.761216338,0.6,0.97,296.483
5/1/2010,16:30,5/01/10 16:30,2010,121,1630,361.84,80.21,0.0802,11.2,39.35,1292.5,100,133.6,-6.321,45,0,0.7172,4.971967685,4.971967685,0.6,0.97,296.483
5/1/2010,17:00,5/01/10 17:00,2010,121,1700,360.5,81.4,0.0168,10.8,38.12,1018,100,55.49,-6.321,45,0,0.6598,3.799836276,3.799836276,0.6,0.97,296.483
5/1/2010,17:30,5/01/10 17:30,2010,121,1730,361.92,82.1,0.0214,10.8,36.85,783.25,100,36.05,-6.321,45,0,0.6299,2.426289643,2.426289643,0.6,0.97,296.483
5/1/2010,18:00,5/01/10 18:00,2010,121,1800,365.18,84.3,0.0611,10.2,35.12,497.1,100,5.208,-2.605,45,0,0.538,1.276737875,1.276737875,0.6,0.97,296.483
5/1/2010,18:30,5/01/10 18:30,2010,121,1830,372.38,85.75,0.0532,10.2,33.17,268.05,100,-29.78,-2.605,45,0,0.475,0.636266519,0.636266519,0.6,0.97,296.483
5/1/2010,19:00,5/01/10 19:00,2010,121,1900,375.1,86.85,0.0233,8.8,31.33,129.95,100,-47.58,-2.605,45,0,0.4309,0.248095193,0.248095193,0.6,0.97,296.483
5/1/2010,19:30,5/01/10 19:30,2010,121,1930,375.37,87.3,0.0843,8.8,29.78,46.5,100,-53.15,-2.605,45,0,0.4111,0.087146423,0.087146423,0.6,0.97,296.483
5/1/2010,20:00,5/01/10 20:00,2010,121,2000,378.46,87.7,0.0146,8.5,28.53,4.9,100,-59.68,-2.605,45,0,0.396,0.012534701,0.012534701,0.6,0.97,296.483
5/1/2010,20:30,5/01/10 20:30,2010,121,2030,381.56,88,0.0297,8.5,27.63,0,100,-56.36,-2.605,45,0,0.3836,0,0,0.6,0.97,296.483
5/1/2010,21:00,5/01/10 21:00,2010,121,2100,381.27,88.4,0.0376,8.2,27.03,0,100,-57.38,-27.87,45,0,0.3702,0,0,0.6,0.97,296.483
5/1/2010,21:30,5/01/10 21:30,2010,121,2130,381.56,88.6,0.0371,8.2,26.65,0,100,-56.09,-27.87,45,0,0.3634,0,0,0.6,0.97,296.483
5/1/2010,22:00,5/01/10 22:00,2010,121,2200,382.28,88.8,0.0176,7.8,26.44,0,100,-40.73,-27.87,45,0,0.3569,0,0,0.6,0.97,296.483
5/1/2010,22:30,5/01/10 22:30,2010,121,2230,382.94,88.75,0.0295,7.8,26.34,0,100,-36.08,-27.87,45,0,0.3578,0,0,0.6,0.97,296.483
5/1/2010,23:00,5/01/10 23:00,2010,121,2300,382.95,88.85,0.0644,7.3,26.16,0,100,-34.99,-27.87,45,0,0.353,0,0,0.6,0.97,296.483
5/1/2010,23:30,5/01/10 23:30,2010,121,2330,384.9,88.8,0.1542,7.3,25.92,0,100,-40.95,-27.87,45,0,0.3527,0,0,0.6,0.97,296.483
5/2/2010,0:00,5/02/10 00:00,2010,122,0,386.34,88.7,0.2307,7.2,25.7,0,100,-47.64,13.481,45,0,0.3549,0,0,0.6,0.97,296.483
5/2/2010,0:30,5/02/10 00:30,2010,122,30,388.01,88.85,0.2435,7.2,25.55,0,100,-53.5,13.481,45,0,0.3491,0,0,0.6,0.97,296.483
5/2/2010,1:00,5/02/10 01:00,2010,122,100,389.31,88.55,0.2654,6.9,25.49,0,100,-51.96,41.123,45,0,0.3589,0,0,0.6,0.97,296.483
5/2/2010,1:30,5/02/10 01:30,2010,122,130,390,88.45,0.2652,6.9,25.4,0,100,-47.66,50.44,45,0,0.3617,0,0,0.6,0.97,296.483
5/2/2010,2:00,5/02/10 02:00,2010,122,200,389.57,88.25,0.2532,6.5,25.31,0,100,-44.04,65.961,45,0,0.3675,0,0,0.6,0.97,296.483
5/2/2010,2:30,5/02/10 02:30,2010,122,230,387.94,88.05,0.2618,6.5,25.22,0,100,-25.92,80.226,45,0,0.3734,0,0,0.6,0.97,296.483
5/2/2010,3:00,5/02/10 03:00,2010,122,300,385.24,87.75,0.3019,6.3,25.19,0,100,-13.62,82.264,45,0,0.3826,0,0,0.6,0.97,296.483
5/2/2010,3:30,5/02/10 03:30,2010,122,330,384.33,87.3,0.223,6.3,25.16,0,100,-15.77,80.224,45,0,0.3972,0,0,0.6,0.97,296.483
5/2/2010,4:00,5/02/10 04:00,2010,122,400,384.65,86.85,0.3219,6.2,25.22,0,100,-26.79,95.12,45,0,0.4124,0,0,0.6,0.97,296.483
5/2/2010,4:30,5/02/10 04:30,2010,122,430,385.07,86.45,0.2531,6.2,25.31,0,100,-22.84,63.47,45,0,0.4257,0.009517868,0.009517868,0.6,0.97,296.483
5/2/2010,5:00,5/02/10 05:00,2010,122,500,382.88,86.2,0.2827,5.8,25.49,0,100,-23.12,68.727,45,0,0.4352,0.086386532,0.086386532,0.6,0.97,296.483
5/2/2010,5:30,5/02/10 05:30,2010,122,530,379.3,85.85,0.1636,5.8,25.58,0,100,18.97,61.963,45,0,0.4479,0.226405288,0.226405288,0.6,0.97,296.483
5/2/2010,6:00,5/02/10 06:00,2010,122,600,375.48,85.6,0.2179,6.2,25.67,0,100,64.56,53.123,45,0,0.4561,0.285831974,0.285831974,0.6,0.97,296.483
5/2/2010,6:30,5/02/10 06:30,2010,122,630,370.35,85.5,0.1942,6.2,25.73,4.65,100,62.25,31.119,45,0,0.4591,0.261143886,0.261143886,0.6,0.97,296.483
5/2/2010,7:00,5/02/10 07:00,2010,122,700,368.02,85.1,0.1117,7.8,25.89,43.18,100,142.4,42.481,45,0,0.4732,0.330399569,0.330399569,0.6,0.97,296.483
5/2/2010,7:30,5/02/10 07:30,2010,122,730,366.04,84.7,0.1406,7.8,26.13,132.25,100,211.8,17.727,45,0,0.4885,0.445208953,0.445208953,0.6,0.97,296.483
5/2/2010,8:00,5/02/10 08:00,2010,122,800,366.82,84.55,0.1413,9.8,26.56,217.45,100,383.9,17.479,45,0,0.4961,0.661247607,0.661247607,0.6,0.97,296.483
5/2/2010,8:30,5/02/10 08:30,2010,122,830,366.01,83.55,0.0807,9.8,27.03,350.55,100,234.8,1.895,45,0,0.5302,1.438600857,1.438600857,0.6,0.97,296.483
5/2/2010,9:00,5/02/10 09:00,2010,122,900,365.59,83.05,0.0525,10.5,27.78,527.2,100,389.6,1.895,45,0,0.5532,2.540952928,2.540952928,0.6,0.97,296.483
5/2/2010,9:30,5/02/10 09:30,2010,122,930,364.56,83.9,0.0354,10.5,28.14,348.15,100,317.1,1.895,45,0,0.5212,2.761300082,2.761300082,0.6,0.97,296.483
5/2/2010,10:00,5/02/10 10:00,2010,122,1000,363.63,83.35,0.0447,11,28.76,603.15,100,607.6,1.895,45,0,0.5433,2.722209367,2.722209367,0.6,0.97,296.483
5/2/2010,10:30,5/02/10 10:30,2010,122,1030,365.88,83.75,0.0612,11,29.45,553.5,100,612.9,1.895,45,0,0.5308,3.203392129,3.203392129,0.6,0.97,296.483
5/2/2010,11:00,5/02/10 11:00,2010,122,1100,365.91,83.4,0.0509,11.4,30.12,677.2,100,503,1.895,45,0,0.5418,2.731325941,2.731325941,0.6,0.97,296.483
5/2/2010,11:30,5/02/10 11:30,2010,122,1130,365.51,83.6,0.063,11.4,30.57,506.2,100,522,1.895,45,0,0.5353,2.663090036,2.663090036,0.6,0.97,296.483
5/2/2010,12:00,5/02/10 12:00,2010,122,1200,365.6,84.75,0.039,11.7,30.26,324.65,100,630.9,1.895,45,0,0.4912,2.053779029,2.053779029,0.6,0.97,296.483
5/2/2010,12:30,5/02/10 12:30,2010,122,1230,367.31,85.75,0.0193,11.7,29.58,199.95,100,470.2,1.895,45,0,0.4545,1.448012356,1.448012356,0.6,0.97,296.483
5/2/2010,13:00,5/02/10 13:00,2010,122,1300,368.68,86,0.025,11.8,29.08,183.7,100,359,1.895,45,0,0.4473,0.800451542,0.800451542,0.6,0.97,296.483
5/2/2010,13:30,5/02/10 13:30,2010,122,1330,369.75,88.85,0.0354,11.8,28.27,303.35,100,581.9,1.895,45,0,0.3488,0.614180199,0.614180199,0.6,0.97,296.483
5/2/2010,14:00,5/02/10 14:00,2010,122,1400,370.53,88.8,0.0359,11.8,27.44,153,100,431,-4.901,45,0,0.3467,0.246290142,0.246290142,0.6,0.97,296.483
5/2/2010,14:30,5/02/10 14:30,2010,122,1430,371.7,87.55,0.0373,11.8,26.93,242.5,100,518.4,5.529,45,0,0.3911,0.83582072,0.83582072,0.6,0.97,296.483
5/2/2010,15:00,5/02/10 15:00,2010,122,1500,370.04,86.95,0.0558,11.5,26.65,243.8,100,376.3,5.529,45,0,0.4132,1.061859767,1.061859767,0.6,0.97,296.483
5/2/2010,15:30,5/02/10 15:30,2010,122,1530,371.33,87.25,0.0433,11.5,26.81,218.05,100,344.4,5.529,45,0,0.4021,1.348864528,1.348864528,0.6,0.97,296.483
5/2/2010,16:00,5/02/10 16:00,2010,122,1600,369.81,87.5,0.0564,11.1,26.93,167.45,100,265.2,5.529,45,0,0.3933,1.171498168,1.171498168,0.6,0.97,296.483
5/2/2010,16:30,5/02/10 16:30,2010,122,1630,369.48,88.45,0.0516,11.1,26.68,138.45,100,136.2,5.529,45,0,0.3609,0.952003481,0.952003481,0.6,0.97,296.483
5/2/2010,17:00,5/02/10 17:00,2010,122,1700,371.55,87.9,0.0517,10.7,26.5,110.6,100,58.69,5.529,45,0,0.3788,0.857027199,0.857027199,0.6,0.97,296.483
5/2/2010,17:30,5/02/10 17:30,2010,122,1730,375.18,88.9,0.0804,10.7,26.44,169.6,100,-6.048,5.529,45,0,0.3467,0.560032143,0.560032143,0.6,0.97,296.483
5/2/2010,18:00,5/02/10 18:00,2010,122,1800,377.55,90.65,0.0781,10.1,26.16,106.69,100,-18.83,5.529,45,0,0.2857,0.094135924,0.094135924,0.6,0.97,296.483
5/2/2010,18:30,5/02/10 18:30,2010,122,1830,377.46,91.55,0.0753,10.1,25.79,19.07,100,-55.59,5.529,45,0,0.2545,0.232526639,0.232526639,0.6,0.97,296.483
5/2/2010,19:00,5/02/10 19:00,2010,122,1900,379,91.35,0.0952,8.7,25.52,11.48,100,-33.98,0.26,45,0,0.2598,0.270902734,0.270902734,0.6,0.97,296.483
5/2/2010,19:30,5/02/10 19:30,2010,122,1930,378.64,90.75,0.0778,8.7,25.34,13.71,100,-48.31,0.26,45,0,0.2788,0.168152131,0.168152131,0.6,0.97,296.483
5/2/2010,20:00,5/02/10 20:00,2010,122,2000,379.09,90.55,0.0372,8.3,25.16,1.15,100,-22.84,0.26,45,0,0.2856,0.077500428,0.077500428,0.6,0.97,296.483
5/2/2010,20:30,5/02/10 20:30,2010,122,2030,379.55,90.85,0.1022,8.3,25.07,0,100,-59.21,0.26,45,0,0.2757,0.097678667,0.097678667,0.6,0.97,296.483
5/2/2010,21:00,5/02/10 21:00,2010,122,2100,380.01,90.8,0.1063,8.1,25.01,0,100,-81.9,-0.534,45,0,0.2773,0.023944743,0.023944743,0.6,0.97,296.483
5/2/2010,21:30,5/02/10 21:30,2010,122,2130,385.01,91.55,0.1452,8.1,24.92,0,100,-43.06,-0.534,45,0,0.2528,0,0,0.6,0.97,296.483
5/2/2010,22:00,5/02/10 22:00,2010,122,2200,395.35,91.65,0.1828,7.7,24.89,0,100,-24.1,0.8,45,0,0.2488,0,0,0.6,0.97,296.483
5/2/2010,22:30,5/02/10 22:30,2010,122,2230,393.44,91.1,0.206,7.7,24.87,0,100,-38.59,-2.337,45,0,0.2661,0,0,0.6,0.97,296.483
5/2/2010,23:00,5/02/10 23:00,2010,122,2300,392.71,90.7,0.1559,7.2,24.87,0,100,-50.66,-0.15,45,0,0.2802,0,0,0.6,0.97,296.483
5/2/2010,23:30,5/02/10 23:30,2010,122,2330,394.93,90.3,0.2674,7.2,24.84,0,100,-61.61,-0.15,45,0,0.293,0,0,0.6,0.97,296.483
5/3/2010,0:00,5/03/10 00:00,2010,123,0,404.89,90.45,0.1808,7.1,24.84,0,100,-56.76,0.671,45,0,0.2871,0,0,0.6,0.97,296.483
5/3/2010,0:30,5/03/10 00:30,2010,123,30,410.45,90.25,0.1899,7.1,24.81,0,100,-53.95,-2.916,45,0,0.2929,0,0,0.6,0.97,296.483
5/3/2010,1:00,5/03/10 01:00,2010,123,100,417.63,90.1,0.2219,6.8,24.78,0,100,-46.39,-2.916,45,0,0.2983,0,0,0.6,0.97,296.483
5/3/2010,1:30,5/03/10 01:30,2010,123,130,430.57,90.15,0.2795,6.8,24.78,0,100,-42.35,-2.916,45,0,0.2982,0,0,0.6,0.97,296.483
5/3/2010,2:00,5/03/10 02:00,2010,123,200,431.44,90.55,0.2926,6.5,24.78,0,100,-19.17,-2.916,45,0,0.2854,0,0,0.6,0.97,296.483
5/3/2010,2:30,5/03/10 02:30,2010,123,230,454.16,91,0.2324,6.5,24.78,0,100,-9.08,1.757,45,0,0.2699,0,0,0.6,0.97,296.483
5/3/2010,3:00,5/03/10 03:00,2010,123,300,460.25,91.05,0.1763,6.2,24.81,0,100,-13.49,4.005,45,0,0.2677,0,0,0.6,0.97,296.483
5/3/2010,3:30,5/03/10 03:30,2010,123,330,437.65,91.15,0.1789,6.2,24.78,0,100,-39.41,4.005,45,0,0.2636,0,0,0.6,0.97,296.483
5/3/2010,4:00,5/03/10 04:00,2010,123,400,423.59,91.9,0.1577,6.1,24.78,0,100,-36.49,4.005,45,0,0.2405,0,0,0.6,0.97,296.483
5/3/2010,4:30,5/03/10 04:30,2010,123,430,422.19,92.5,0.1562,6.1,24.75,0,100,-34.23,0.483,45,0,0.2211,0,0,0.6,0.97,296.483
5/3/2010,5:00,5/03/10 05:00,2010,123,500,431.14,93.1,0.0482,5.7,24.75,0,100,-14.46,0.168,45,0,0.2025,0.342482483,0.342482483,0.6,0.97,296.483
5/3/2010,5:30,5/03/10 05:30,2010,123,530,444.29,93.4,0.0865,5.7,24.72,0,100,39.24,0.168,45,0,0.1934,1.503206013,1.503206013,0.6,0.97,296.483
5/3/2010,6:00,5/03/10 06:00,2010,123,600,433.08,93.5,0.0784,6.1,24.72,0,100,112.6,0.168,45,0,0.19,2.904731105,2.904731105,0.6,0.97,296.483
5/3/2010,6:30,5/03/10 06:30,2010,123,630,418.17,93.7,0.2644,6.1,24.72,0.86,100,128,-0.424,45,0,0.1836,2.496700109,2.496700109,0.6,0.97,296.483
5/3/2010,7:00,5/03/10 07:00,2010,123,700,411.24,93.75,0.2709,7.7,24.75,21.2,100,153.2,2.355,45,0,0.1826,2.601606216,2.601606216,0.6,0.97,296.483
5/3/2010,7:30,5/03/10 07:30,2010,123,730,394.95,93.7,0.194,7.7,24.84,42.38,100,244.4,2.355,45,0,0.1846,2.265852367,2.265852367,0.6,0.97,296.483
5/3/2010,8:00,5/03/10 08:00,2010,123,800,386.83,93.65,0.197,9.7,24.92,61.48,100,383,2.355,45,0,0.1865,1.960115346,1.960115346,0.6,0.97,296.483
5/3/2010,8:30,5/03/10 08:30,2010,123,830,374.48,93.6,0.2373,9.7,25.13,107,100,389.8,2.355,45,0,0.1895,1.177076116,1.177076116,0.6,0.97,296.483
5/3/2010,9:00,5/03/10 09:00,2010,123,900,364.94,93.5,0.2231,10.4,25.37,127.1,100,459.8,2.355,45,0,0.1944,1.009004106,1.009004106,0.6,0.97,296.483
5/3/2010,9:30,5/03/10 09:30,2010,123,930,362.08,92.8,0.2831,10.4,25.58,195.2,100,515.8,2.355,45,0,0.2177,1.135176649,1.135176649,0.6,0.97,296.483
5/3/2010,10:00,5/03/10 10:00,2010,123,1000,358.59,90,0.2281,10.9,25.79,407.75,100,623.1,0.826,45,0,0.3077,2.266401713,2.266401713,0.6,0.97,296.483
5/3/2010,10:30,5/03/10 10:30,2010,123,1030,359.19,87.55,0.1629,10.9,26.59,445.65,100,388.8,-1.468,45,0,0.3893,2.984244589,2.984244589,0.6,0.97,296.483
5/3/2010,11:00,5/03/10 11:00,2010,123,1100,362.97,84.1,0.2545,11.4,27.85,551.75,100,392.1,-1.468,45,0,0.5104,2.989419754,2.989419754,0.6,0.97,296.483
5/3/2010,11:30,5/03/10 11:30,2010,123,1130,364.49,80.9,0.2341,11.4,28.89,545.3,100,313.9,0.792,45,0,0.6233,3.635152673,3.635152673,0.6,0.97,296.483
5/3/2010,12:00,5/03/10 12:00,2010,123,1200,361.58,74.7,0.262,11.6,30.81,1208.5,100,232.9,0.792,45,0,0.8647,6.364326109,6.364326109,0.6,0.97,296.483
5/3/2010,12:30,5/03/10 12:30,2010,123,1230,357.17,72.44,0.2298,11.6,32.26,947.5,100,158.7,-7.212,45,0,0.958,11.49708711,11.49708711,0.6,0.97,296.483
5/3/2010,13:00,5/03/10 13:00,2010,123,1300,357,67.11,0.2219,11.7,32.26,1036.75,100,115.8,-4.21,45,0,1.1549,14.42185164,14.42185164,0.6,0.97,296.483
5/3/2010,13:30,5/03/10 13:30,2010,123,1330,358.38,63.92,0.244,11.7,31.12,1350.5,100,121.1,-4.21,45,0,1.3211,14.42185164,14.42185164,0.6,0.97,296.483
5/3/2010,14:00,5/03/10 14:00,2010,123,1400,366.79,67.93,0.2815,11.7,31.23,663.3,100,181.4,-4.21,45,0,1.1205,13.70390584,13.70390584,0.6,0.97,296.483
5/3/2010,14:30,5/03/10 14:30,2010,123,1430,367.83,67.84,0.2589,11.7,31.58,801.1,100,239.6,-4.21,45,0,1.1287,11.58972574,11.58972574,0.6,0.97,296.483
5/3/2010,15:00,5/03/10 15:00,2010,123,1500,371.52,64.53,0.2349,11.4,31.86,745.05,100,269.7,-0.536,45,0,1.252,10.82013871,10.82013871,0.6,0.97,296.483
5/3/2010,15:30,5/03/10 15:30,2010,123,1530,376.84,61.12,0.2468,11.4,32.26,731.35,100,156.9,0.584,45,0,1.3962,12.21780445,12.21780445,0.6,0.97,296.483
5/3/2010,16:00,5/03/10 16:00,2010,123,1600,367.3,66.92,0.2175,11.1,32.37,802.4,100,120,0.584,45,0,1.1582,8.243508923,8.243508923,0.6,0.97,296.483
5/3/2010,16:30,5/03/10 16:30,2010,123,1630,366.8,63.03,0.201,11.1,33.73,954.05,100,107.8,0.584,45,0,1.3474,9.067834849,9.067834849,0.6,0.97,296.483
5/3/2010,17:00,5/03/10 17:00,2010,123,1700,367.96,65.72,0.2185,10.6,33.66,646.9,100,81.2,-0.5,45,0,1.2049,9.706257433,9.706257433,0.6,0.97,296.483
5/3/2010,17:30,5/03/10 17:30,2010,123,1730,369.98,70.33,0.1349,10.6,32.55,428.55,100,48.27,-0.5,45,0,1.0021,6.55711811,6.55711811,0.6,0.97,296.483
5/3/2010,18:00,5/03/10 18:00,2010,123,1800,371.66,78.26,0.1152,10,31.55,411.2,100,-1.105,-0.5,45,0,0.7107,5.275943353,5.275943353,0.6,0.97,296.483
5/3/2010,18:30,5/03/10 18:30,2010,123,1830,373.85,83.25,0.0885,10,30.33,232,100,-35.04,0.3,45,0,0.5259,3.238681129,3.238681129,0.6,0.97,296.483
5/3/2010,19:00,5/03/10 19:00,2010,123,1900,376.76,84.8,0.0491,8.6,28.99,122.6,100,-29.06,0.3,45,0,0.4594,2.151946315,2.151946315,0.6,0.97,296.483
5/3/2010,19:30,5/03/10 19:30,2010,123,1930,379.18,82.05,0.0382,8.6,27.78,36.98,100,-19.7,0.3,45,0,0.5404,2.201021594,2.201021594,0.6,0.97,296.483
5/3/2010,20:00,5/03/10 20:00,2010,123,2000,381.41,85.6,0.0332,8.2,26.74,4.59,100,-27.35,0.3,45,0,0.425,1.017516036,1.017516036,0.6,0.97,296.483
5/3/2010,20:30,5/03/10 20:30,2010,123,2030,381.87,82.7,0.1127,8.2,26.01,0,100,-25.52,-1.375,45,0,0.5058,1.07055946,1.07055946,0.6,0.97,296.483
5/3/2010,21:00,5/03/10 21:00,2010,123,2100,385.03,84.7,0.1303,8,25.4,0,100,-33.23,0.194,45,0,0.4453,0.810694531,0.810694531,0.6,0.97,296.483
5/3/2010,21:30,5/03/10 21:30,2010,123,2130,389.52,89.05,0.0959,8,25.16,0,100,-38.16,0.603,45,0,0.3177,0.55070526,0.55070526,0.6,0.97,296.483
5/3/2010,22:00,5/03/10 22:00,2010,123,2200,396.46,89.3,0.0533,7.6,24.92,0,100,-33.26,0.603,45,0,0.3093,0.560344965,0.560344965,0.6,0.97,296.483
5/3/2010,22:30,5/03/10 22:30,2010,123,2230,399.58,89.75,0.075,7.6,24.81,0,100,-14.77,0.603,45,0,0.2968,0.500593703,0.500593703,0.6,0.97,296.483
5/3/2010,23:00,5/03/10 23:00,2010,123,2300,401.95,90.55,0.3844,7.1,24.81,0,100,-26.88,-0.702,45,0,0.2734,0.47140375,0.47140375,0.6,0.97,296.483
5/3/2010,23:30,5/03/10 23:30,2010,123,2330,402.36,91.05,0.5929,7.1,24.78,0,100,-40.62,-0.702,45,0,0.2595,0.530242835,0.530242835,0.6,0.97,296.483
5/4/2010,0:00,5/04/10 00:00,2010,124,0,408.84,91.95,0.3995,7,24.69,0,100,-32.32,1.108,45,0,0.2325,0,0,0.6,0.97,296.483
5/4/2010,0:30,5/04/10 00:30,2010,124,30,411.92,92.55,0.3101,7,24.66,0,100,-1.472,-0.535,45,0,0.2145,0,0,0.6,0.97,296.483
5/4/2010,1:00,5/04/10 01:00,2010,124,100,415.39,93.1,0.3047,6.7,24.63,0,100,-12.36,4.336,45,0,0.1976,0,0,0.6,0.97,296.483
5/4/2010,1:30,5/04/10 01:30,2010,124,130,421.31,93.35,0.3366,6.7,24.57,0,100,-2.541,-2.194,45,0,0.191,0,0,0.6,0.97,296.483
5/4/2010,2:00,5/04/10 02:00,2010,124,200,421.52,93.5,0.236,6.4,24.57,0,100,-0.666,-2.045,45,0,0.1874,0,0,0.6,0.97,296.483
5/4/2010,2:30,5/04/10 02:30,2010,124,230,434.2,93.6,0.2503,6.4,24.6,0,100,-2.484,0.013,45,0,0.1855,0,0,0.6,0.97,296.483
5/4/2010,3:00,5/04/10 03:00,2010,124,300,438.69,93.45,0.3468,6.1,24.51,0,100,-21.29,0.004,45,0,0.1864,0,0,0.6,0.97,296.483
5/4/2010,3:30,5/04/10 03:30,2010,124,330,431.74,93.2,0.2059,6.1,24.45,0,100,-25.28,0.004,45,0,0.1942,0,0,0.6,0.97,296.483
5/4/2010,4:00,5/04/10 04:00,2010,124,400,425.34,92.75,0.231,5.9,24.42,0,100,-12.54,51.487,45,0,0.2089,0,0,0.6,0.97,296.483
5/4/2010,4:30,5/04/10 04:30,2010,124,430,422.33,92.6,0.2489,5.9,24.39,0,100,-25.55,18.369,45,0,0.2141,0,0,0.6,0.97,296.483
5/4/2010,5:00,5/04/10 05:00,2010,124,500,428.04,92.3,0.3196,5.6,24.39,0,100,-18.33,6.168,45,0,0.224,0.082358478,0.082358478,0.6,0.97,296.483
5/4/2010,5:30,5/04/10 05:30,2010,124,530,429.46,91.5,0.3736,5.6,24.36,0,100,24.99,10.352,45,0,0.2469,0.192255813,0.192255813,0.6,0.97,296.483
5/4/2010,6:00,5/04/10 06:00,2010,124,600,419,91.75,0.311,6,24.33,0,100,32.241,8.876,45,0,0.2385,0.741001064,0.741001064,0.6,0.97,296.483
5/4/2010,6:30,5/04/10 06:30,2010,124,630,409.95,92.2,0.3952,6,24.28,2.78,100,66.69,8.439,45,0,0.2227,2.409622494,2.409622494,0.6,0.97,296.483
5/4/2010,7:00,5/04/10 07:00,2010,124,700,400.06,91.45,0.3489,7.6,24.13,39.07,100,211.1,-4.175,45,0,0.2404,1.857240409,1.857240409,0.6,0.97,296.483
5/4/2010,7:30,5/04/10 07:30,2010,124,730,382.75,90.35,0.3891,7.6,24.1,183.45,100,259.5,4.569,45,0,0.2744,1.583302468,1.583302468,0.6,0.97,296.483
5/4/2010,8:00,5/04/10 08:00,2010,124,800,376.29,89.15,0.3348,9.6,24.33,347.7,100,386,1.887,45,0,0.316,1.50952022,1.50952022,0.6,0.97,296.483
5/4/2010,8:30,5/04/10 08:30,2010,124,830,372.41,86.6,0.3272,9.6,24.95,396.25,100,446.8,1.887,45,0,0.3968,1.314840809,1.314840809,0.6,0.97,296.483
5/4/2010,9:00,5/04/10 09:00,2010,124,900,370.32,77.51,0.3261,10.4,26.84,927,100,511.5,1.887,45,0,0.7157,1.761189482,1.761189482,0.6,0.97,296.483
5/4/2010,9:30,5/04/10 09:30,2010,124,930,369.46,80.33,0.3514,10.4,28.49,802.45,100,575.8,2.948,45,0,0.6248,3.844954408,3.844954408,0.6,0.97,296.483
5/4/2010,10:00,5/04/10 10:00,2010,124,1000,369.97,73.8,0.2732,10.9,30.29,1292.5,100,601,-1.676,45,0,0.8674,8.647088104,8.647088104,0.6,0.97,296.483
5/4/2010,10:30,5/04/10 10:30,2010,124,1030,368.45,74.64,0.3497,10.9,32.37,1493,100,699.8,-1.676,45,0,0.8693,13.41389779,13.41389779,0.6,0.97,296.483
5/4/2010,11:00,5/04/10 11:00,2010,124,1100,368.52,70.37,0.4091,11.2,34.46,1694,100,717,0.593,45,0,1.0443,14.88544185,14.88544185,0.6,0.97,296.483
5/4/2010,11:30,5/04/10 11:30,2010,124,1130,368.13,67.44,0.3798,11.2,36.44,1813.5,100,713,1.749,45,0,1.1928,14.60914168,14.60914168,0.6,0.97,296.483
5/4/2010,12:00,5/04/10 12:00,2010,124,1200,366.57,65.98,0.3846,11.6,38.12,1936.5,100,669.4,-2.709,45,0,1.2523,14.15376748,14.15376748,0.6,0.97,296.483
5/4/2010,12:30,5/04/10 12:30,2010,124,1230,366.27,63.49,0.4181,11.6,39.44,1929,100,654.5,-2.709,45,0,1.3663,14.21653432,14.21653432,0.6,0.97,296.483
5/4/2010,13:00,5/04/10 13:00,2010,124,1300,366.76,64.48,0.4095,11.5,40.96,2046,100,666.2,-2.709,45,0,1.3624,14.18686538,14.18686538,0.6,0.97,296.483
5/4/2010,13:30,5/04/10 13:30,2010,124,1330,365.82,61.43,0.348,11.5,42.5,2034.5,100,563.4,-2.709,45,0,1.518,14.76339142,14.76339142,0.6,0.97,296.483
5/4/2010,14:00,5/04/10 14:00,2010,124,1400,365.81,59.92,0.304,11.5,43.81,1980.5,100,445.4,-0.191,45,0,1.5996,14.82517164,14.82517164,0.6,0.97,296.483
5/4/2010,14:30,5/04/10 14:30,2010,124,1430,364.08,58.06,0.3777,11.5,45.3,1946,100,332.8,-0.928,45,0,1.713,12.9482675,12.9482675,0.6,0.97,296.483
5/4/2010,15:00,5/04/10 15:00,2010,124,1500,364.72,57.85,0.3593,11.2,46.35,1842.5,100,285.4,-1.241,45,0,1.7818,12.95695731,12.95695731,0.6,0.97,296.483
5/4/2010,15:30,5/04/10 15:30,2010,124,1530,364.3,55.66,0.3831,11.2,46.74,1712,100,280.4,-0.154,45,0,1.8833,13.71440962,13.71440962,0.6,0.97,296.483
5/4/2010,16:00,5/04/10 16:00,2010,124,1600,364.79,56.07,0.3847,10.9,46.51,1553.5,100,208.2,-2.173,45,0,1.8518,10.96526672,10.96526672,0.6,0.97,296.483
5/4/2010,16:30,5/04/10 16:30,2010,124,1630,364.12,56.9,0.4275,10.9,45.68,1366.5,100,121.4,-2.173,45,0,1.7921,11.03613117,11.03613117,0.6,0.97,296.483
5/4/2010,17:00,5/04/10 17:00,2010,124,1700,364.37,60.44,0.3863,10.5,44.34,1158,100,72.3,-2.173,45,0,1.536,7.808661838,7.808661838,0.6,0.97,296.483
5/4/2010,17:30,5/04/10 17:30,2010,124,1730,364.77,56.48,0.4426,10.5,42.75,940,100,20.46,-0.803,45,0,1.7303,9.51960832,9.51960832,0.6,0.97,296.483
5/4/2010,18:00,5/04/10 18:00,2010,124,1800,365.77,56.11,0.3966,9.9,40.82,706.2,100,-18.63,-0.741,45,0,1.6846,7.245637291,7.245637291,0.6,0.97,296.483
5/4/2010,18:30,5/04/10 18:30,2010,124,1830,370.24,58.25,0.4347,9.9,38.38,469.85,100,-57.31,-3.359,45,0,1.5361,3.530545923,3.530545923,0.6,0.97,296.483
5/4/2010,19:00,5/04/10 19:00,2010,124,1900,374.53,64.79,0.3592,8.5,35.68,248.55,100,-64.069,-3.359,45,0,1.2504,1.351011702,1.351011702,0.6,0.97,296.483
5/4/2010,19:30,5/04/10 19:30,2010,124,1930,379.73,68.17,0.4277,8.5,32.81,77.55,100,-65.86,-4.261,45,0,1.0702,0.013178688,0.013178688,0.6,0.97,296.483
5/4/2010,20:00,5/04/10 20:00,2010,124,2000,383.72,73.09,0.4359,8.1,29.89,7.96,100,-62.05,5.832,45,0,0.8479,0,0,0.6,0.97,296.483
5/4/2010,20:30,5/04/10 20:30,2010,124,2030,386.85,79.76,0.4453,8.1,27.56,0,100,-59.7,8.041,45,0,0.6102,0,0,0.6,0.97,296.483
5/4/2010,21:00,5/04/10 21:00,2010,124,2100,390.05,81.8,0.4621,7.9,25.85,0,100,-58.61,-9.903,45,0,0.5381,0,0,0.6,0.97,296.483
5/4/2010,21:30,5/04/10 21:30,2010,124,2130,394.03,83.55,0.3751,7.9,24.63,0,100,-56.34,2.238,45,0,0.4795,0,0,0.6,0.97,296.483
5/4/2010,22:00,5/04/10 22:00,2010,124,2200,397.57,84.2,0.4078,7.5,23.78,0,100,-54.43,-1.568,45,0,0.4535,0,0,0.6,0.97,296.483
5/4/2010,22:30,5/04/10 22:30,2010,124,2230,405.73,81.2,0.368,7.5,23.27,0,100,-53.49,-4.156,45,0,0.5475,0,0,0.6,0.97,296.483
5/4/2010,23:00,5/04/10 23:00,2010,124,2300,411.2,82.95,0.3721,7,22.84,0,100,-53.41,-4.156,45,0,0.4874,0,0,0.6,0.97,296.483
5/4/2010,23:30,5/04/10 23:30,2010,124,2330,409.79,82.25,0.3865,7,22.47,0,100,-52.48,-6.6,45,0,0.5037,0,0,0.6,0.97,296.483
5/5/2010,0:00,5/05/10 00:00,2010,125,0,412.79,80.24,0.3703,6.9,22.19,0,100,-52.61,-6.6,45,0,0.5605,0,0,0.6,0.97,296.483
5/5/2010,0:30,5/05/10 00:30,2010,125,30,413.39,81.8,0.3636,6.9,21.81,0,100,-53.03,5.135,45,0,0.5116,0,0,0.6,0.97,296.483
5/5/2010,1:00,5/05/10 01:00,2010,125,100,413.16,84.45,0.3553,6.6,21.48,0,100,-52.13,7.061,45,0,0.422,0,0,0.6,0.97,296.483
5/5/2010,1:30,5/05/10 01:30,2010,125,130,412.05,86.45,0.3503,6.6,21.21,0,100,-52.28,7.599,45,0,0.3595,0,0,0.6,0.97,296.483
5/5/2010,2:00,5/05/10 02:00,2010,125,200,411.6,86.05,0.3697,6.3,20.93,0,100,-54.02,7.599,45,0,0.3667,0,0,0.6,0.97,296.483
5/5/2010,2:30,5/05/10 02:30,2010,125,230,414.23,87.45,0.3109,6.3,20.69,0,100,-54.99,7.599,45,0,0.3222,0,0,0.6,0.97,296.483
5/5/2010,3:00,5/05/10 03:00,2010,125,300,417.13,87.2,0.3104,6,20.42,0,100,-54.6,47.213,45,0,0.3312,0,0,0.6,0.97,296.483
5/5/2010,3:30,5/05/10 03:30,2010,125,330,425.82,88.9,0.3114,6,20.21,0,100,-53.98,47.332,45,0,0.284,0,0,0.6,0.97,296.483
5/5/2010,4:00,5/05/10 04:00,2010,125,400,427.1,85.95,0.3292,5.8,20,0,100,-53.9,63.243,45,0,0.3653,0,0,0.6,0.97,296.483
5/5/2010,4:30,5/05/10 04:30,2010,125,430,422.46,85.9,0.3407,5.8,19.84,0,100,-48.66,70.626,45,0,0.3668,0,0,0.6,0.97,296.483
5/5/2010,5:00,5/05/10 05:00,2010,125,500,424.93,84.5,0.3581,5.5,19.78,0,100,-23.3,70.964,45,0,0.4086,0,0,0.6,0.97,296.483
5/5/2010,5:30,5/05/10 05:30,2010,125,530,414.63,84.2,0.303,5.5,19.7,0,100,24.54,66.092,45,0,0.4174,0.011684162,0.011684162,0.6,0.97,296.483
5/5/2010,6:00,5/05/10 06:00,2010,125,600,404.93,85.1,0.2774,5.9,19.65,0.12,100,82.6,82.335,45,0,0.3879,0.005533115,0.005533115,0.6,0.97,296.483
5/5/2010,6:30,5/05/10 06:30,2010,125,630,401.74,85.8,0.295,5.9,19.76,13.94,100,151.9,54.151,45,0,0.3665,0.011684162,0.011684162,0.6,0.97,296.483
5/5/2010,7:00,5/05/10 07:00,2010,125,700,388.88,83.8,0.3112,7.5,20.24,109.81,100,232.3,44.136,45,0,0.4369,0.033822995,0.033822995,0.6,0.97,296.483
5/5/2010,7:30,5/05/10 07:30,2010,125,730,379.77,77.63,0.2719,7.5,21.72,294.1,100,315,30.084,45,0,0.6619,0.097542817,0.097542817,0.6,0.97,296.483
5/5/2010,8:00,5/05/10 08:00,2010,125,800,375.1,73.04,0.248,9.5,23.75,512.3,100,394.6,20.359,45,0,0.8533,1.328964665,1.328964665,0.6,0.97,296.483
5/5/2010,8:30,5/05/10 08:30,2010,125,830,371.43,71.73,0.1358,9.5,26.9,739.5,100,470.3,20.359,45,0,0.9351,6.109287617,6.109287617,0.6,0.97,296.483
5/5/2010,9:00,5/05/10 09:00,2010,125,900,369.02,64.95,0.0541,10.4,30.16,972.5,100,529.2,20.359,45,0,1.2059,12.53397787,12.53397787,0.6,0.97,296.483
5/5/2010,9:30,5/05/10 09:30,2010,125,930,368.57,65.83,0.0222,10.4,33.32,1147.5,100,580.7,-1.301,45,0,1.2247,14.77886378,14.77886378,0.6,0.97,296.483
5/5/2010,10:00,5/05/10 10:00,2010,125,1000,368.33,66.15,0.0376,10.8,35.92,1255,100,636.3,-1.301,45,0,1.2174,15.83213333,15.83213333,0.6,0.97,296.483
5/5/2010,10:30,5/05/10 10:30,2010,125,1030,367.61,68.64,0.0677,10.8,37.4,1006.5,100,661.5,2.285,45,0,1.111,11.27376891,11.27376891,0.6,0.97,296.483
5/5/2010,11:00,5/05/10 11:00,2010,125,1100,368.02,65.62,0.0327,11.1,39.04,1425,100,665.1,2.285,45,0,1.2515,11.85971921,11.85971921,0.6,0.97,296.483
5/5/2010,11:30,5/05/10 11:30,2010,125,1130,368.12,61.53,0.0325,11.1,42.4,1808.5,100,639.2,2.285,45,0,1.4892,19.59432883,19.59432883,0.6,0.97,296.483
5/5/2010,12:00,5/05/10 12:00,2010,125,1200,367.68,64.38,0.0226,11.5,42.85,857.95,100,704,2.285,45,0,1.3246,14.87614454,14.87614454,0.6,0.97,296.483
5/5/2010,12:30,5/05/10 12:30,2010,125,1230,368.12,71.02,0.0634,11.5,39.44,340.55,100,713,4.866,45,0,0.9847,6.56995009,6.56995009,0.6,0.97,296.483
5/5/2010,13:00,5/05/10 13:00,2010,125,1300,369.13,70.03,0.0265,11.4,38.12,616.8,100,634.1,4.866,45,0,1.0367,5.988158305,5.988158305,0.6,0.97,296.483
5/5/2010,13:30,5/05/10 13:30,2010,125,1330,368.68,68.11,0.0368,11.4,38.9,1079.5,100,593.5,-14.866,45,0,1.1315,8.770499433,8.770499433,0.6,0.97,296.483
5/5/2010,14:00,5/05/10 14:00,2010,125,1400,368.23,68.39,0.0326,11.5,41.62,1363,100,551.8,-13.443,45,0,1.1595,12.66058183,12.66058183,0.6,0.97,296.483
5/5/2010,14:30,5/05/10 14:30,2010,125,1430,369.04,66.43,0.0216,11.5,45.24,1968,100,336,-13.443,45,0,1.246,18.46444886,18.46444886,0.6,0.97,296.483
5/5/2010,15:00,5/05/10 15:00,2010,125,1500,368.31,68.91,0.0199,11.1,48.2,1874,100,431.4,-12.89,45,0,1.1613,20.96192534,20.96192534,0.6,0.97,296.483
5/5/2010,15:30,5/05/10 15:30,2010,125,1530,368.28,70.76,0.0417,11.1,49.48,1707,100,367,-12.89,45,0,1.086,18.85494072,18.85494072,0.6,0.97,296.483
5/5/2010,16:00,5/05/10 16:00,2010,125,1600,368.7,66.46,0.046,10.9,49.67,1551,100,282.2,-12.89,45,0,1.2434,15.95190397,15.95190397,0.6,0.97,296.483
5/5/2010,16:30,5/05/10 16:30,2010,125,1630,367.84,66.96,0.0337,10.9,49.23,1365,100,156.7,-12.89,45,0,1.2383,15.63778483,15.63778483,0.6,0.97,296.483
5/5/2010,17:00,5/05/10 17:00,2010,125,1700,366.94,68.17,0.0621,10.5,48.2,1154.5,100,12.48,-12.89,45,0,1.1908,14.37026106,14.37026106,0.6,0.97,296.483
5/5/2010,17:30,5/05/10 17:30,2010,125,1730,366.5,67.19,0.0707,10.5,46.63,925.5,100,5.087,-12.89,45,0,1.2213,11.64049474,11.64049474,0.6,0.97,296.483
5/5/2010,18:00,5/05/10 18:00,2010,125,1800,369.37,67.68,0.0862,9.9,44.55,669.2,100,-22.32,-12.89,45,0,1.1941,9.619219771,9.619219771,0.6,0.97,296.483
5/5/2010,18:30,5/05/10 18:30,2010,125,1830,369.68,70.07,0.1013,9.9,41.62,462.3,100,-40.01,-12.89,45,0,1.0732,7.099095815,7.099095815,0.6,0.97,296.483
5/5/2010,19:00,5/05/10 19:00,2010,125,1900,374.04,72.78,0.0769,8.5,38.38,249.2,100,-59.88,-12.89,45,0,0.9407,4.526887157,4.526887157,0.6,0.97,296.483
5/5/2010,19:30,5/05/10 19:30,2010,125,1930,380.45,77.7,0.0665,8.5,34.96,82.25,100,-59.57,-12.89,45,0,0.7348,2.809105765,2.809105765,0.6,0.97,296.483
5/5/2010,20:00,5/05/10 20:00,2010,125,2000,382.75,80.06,0.0699,8.1,31.55,8.37,100,-58.93,-12.89,45,0,0.622,1.455602855,1.455602855,0.6,0.97,296.483
5/5/2010,20:30,5/05/10 20:30,2010,125,2030,385.36,80.95,0.0742,8.1,28.95,0,100,-58.5,-12.89,45,0,0.5889,1.094495775,1.094495775,0.6,0.97,296.483
5/5/2010,21:00,5/05/10 21:00,2010,125,2100,389.01,82.6,0.1104,7.9,27.06,0,100,-56.46,-12.89,45,0,0.5266,0.617379606,0.617379606,0.6,0.97,296.483
5/5/2010,21:30,5/05/10 21:30,2010,125,2130,391.04,85.1,0.2209,7.9,25.64,0,100,-52.12,-12.89,45,0,0.437,0.108240717,0.108240717,0.6,0.97,296.483
5/5/2010,22:00,5/05/10 22:00,2010,125,2200,395.2,85.95,0.2284,7.4,24.66,0,100,-51.59,-12.89,45,0,0.4044,0,0,0.6,0.97,296.483
5/5/2010,22:30,5/05/10 22:30,2010,125,2230,398.06,86.4,0.2096,7.4,23.93,0,100,-49.56,4.714,45,0,0.3868,0,0,0.6,0.97,296.483
5/5/2010,23:00,5/05/10 23:00,2010,125,2300,401.82,86.5,0.298,7,23.35,0,100,-51.68,-1.055,45,0,0.3784,0,0,0.6,0.97,296.483
5/5/2010,23:30,5/05/10 23:30,2010,125,2330,398.06,86.9,0.3448,7,22.9,0,100,-51.1,7.84,45,0,0.3639,0,0,0.6,0.97,296.483
5/6/2010,0:00,5/06/10 00:00,2010,126,0,400.28,87.2,0.341,6.8,22.53,0,100,-44.68,20.922,45,0,0.3507,0,0,0.6,0.97,296.483
5/6/2010,0:30,5/06/10 00:30,2010,126,30,400.6,87.95,0.3489,6.8,22.17,0,100,-40.61,16.415,45,0,0.3254,0,0,0.6,0.97,296.483
5/6/2010,1:00,5/06/10 01:00,2010,126,100,402.16,88.45,0.3803,6.4,21.86,0,100,-41.54,17.692,45,0,0.3109,0,0,0.6,0.97,296.483
5/6/2010,1:30,5/06/10 01:30,2010,126,130,402.76,89.45,0.3415,6.4,21.59,0,100,-46.45,20.801,45,0,0.2798,0,0,0.6,0.97,296.483
5/6/2010,2:00,5/06/10 02:00,2010,126,200,417.15,88.95,0.3217,6.2,21.45,0,100,-42.29,41.439,45,0,0.2986,0,0,0.6,0.97,296.483
5/6/2010,2:30,5/06/10 02:30,2010,126,230,399.74,88.05,0.3293,6.2,21.31,0,100,-41.2,55.692,45,0,0.3271,0,0,0.6,0.97,296.483
5/6/2010,3:00,5/06/10 03:00,2010,126,300,388.42,88.55,0.3062,5.9,21.1,0,100,-39.86,54.349,45,0,0.3092,0,0,0.6,0.97,296.483
5/6/2010,3:30,5/06/10 03:30,2010,126,330,391.28,90.15,0.3241,5.9,20.85,0,100,-38.12,67.474,45,0,0.2582,0,0,0.6,0.97,296.483
5/6/2010,4:00,5/06/10 04:00,2010,126,400,436.51,90.6,0.317,5.6,20.66,0,100,-39.14,51.154,45,0,0.242,0,0,0.6,0.97,296.483
5/6/2010,4:30,5/06/10 04:30,2010,126,430,451.35,91.6,0.3291,5.6,20.42,0,100,-27.68,55.517,45,0,0.2141,0,0,0.6,0.97,296.483
5/6/2010,5:00,5/06/10 05:00,2010,126,500,441.21,91.9,0.3113,5.4,20.31,0,100,-9.98,63.464,45,0,0.2073,0,0,0.6,0.97,296.483
5/6/2010,5:30,5/06/10 05:30,2010,126,530,430.39,91.55,0.3769,5.4,20.4,0,100,36.1,54.032,45,0,0.2175,4.11E-05,4.11E-05,0.6,0.97,296.483
5/6/2010,6:00,5/06/10 06:00,2010,126,600,438.52,91.55,0.3459,5.7,20.45,0.12,100,42.94,31.938,45,0,0.2162,0.023153933,0.023153933,0.6,0.97,296.483
5/6/2010,6:30,5/06/10 06:30,2010,126,630,412.48,91.55,0.3224,5.7,20.58,14.1,100,150.6,47.055,45,0,0.2167,0.043780941,0.043780941,0.6,0.97,296.483
5/6/2010,7:00,5/06/10 07:00,2010,126,700,401.32,89.85,0.3087,7.4,21.1,116.19,100,178.5,33.561,45,0,0.2716,0.142330407,0.142330407,0.6,0.97,296.483
5/6/2010,7:30,5/06/10 07:30,2010,126,730,383.61,84.55,0.2449,7.4,22.45,315.75,100,238.2,17.241,45,0,0.4509,0.062519988,0.062519988,0.6,0.97,296.483
5/6/2010,8:00,5/06/10 08:00,2010,126,800,375.38,78.5,0.2576,9.3,24.54,517.85,100,412.9,14.023,45,0,0.6692,0.2257866,0.2257866,0.6,0.97,296.483
5/6/2010,8:30,5/06/10 08:30,2010,126,830,373.13,70.91,0.2551,9.3,27.78,756.25,100,424.3,1.252,45,0,0.9626,0.611313322,0.611313322,0.6,0.97,296.483
5/6/2010,9:00,5/06/10 09:00,2010,126,900,367.6,64.34,0.2008,10.2,32.44,1064,100,519.3,-5.76,45,0,1.2774,3.533904913,3.533904913,0.6,0.97,296.483
5/6/2010,9:30,5/06/10 09:30,2010,126,930,365.49,60.93,0.1686,10.2,37.19,1223.5,100,528.7,1.536,45,0,1.4382,9.496073263,9.496073263,0.6,0.97,296.483
5/6/2010,10:00,5/06/10 10:00,2010,126,1000,362.95,69.77,0.1793,10.7,38.77,899.35,100,647,1.536,45,0,1.0551,10.07271938,10.07271938,0.6,0.97,296.483
5/6/2010,10:30,5/06/10 10:30,2010,126,1030,361.47,67.99,0.1787,10.7,41.05,1540.5,100,491.2,-1.265,45,0,1.1149,8.84522669,8.84522669,0.6,0.97,296.483
5/6/2010,11:00,5/06/10 11:00,2010,126,1100,362.09,56.98,0.1544,11.1,44.71,1781,100,594.8,-5.133,45,0,1.5964,14.68827113,14.68827113,0.6,0.97,296.483
5/6/2010,11:30,5/06/10 11:30,2010,126,1130,361.71,51.27,0.1413,11.1,47.26,1868,100,497.2,-6.69,45,0,1.8804,16.52770298,16.52770298,0.6,0.97,296.483
5/6/2010,12:00,5/06/10 12:00,2010,126,1200,362,55.06,0.1377,11.4,48.68,1926,100,484.5,-6.69,45,0,1.7163,16.41114957,16.41114957,0.6,0.97,296.483
5/6/2010,12:30,5/06/10 12:30,2010,126,1230,362.29,63.03,0.1816,11.4,49.29,2021,100,518.5,1.109,45,0,1.3687,15.70844402,15.70844402,0.6,0.97,296.483
5/6/2010,13:00,5/06/10 13:00,2010,126,1300,362.73,63.9,0.1309,11.5,49.8,2038,100,549.2,-1.28,45,0,1.3051,15.51343263,15.51343263,0.6,0.97,296.483
5/6/2010,13:30,5/06/10 13:30,2010,126,1330,365.3,61.86,0.1403,11.5,50.3,2035.5,100,604.9,0.45,45,0,1.3992,14.52092989,14.52092989,0.6,0.97,296.483
5/6/2010,14:00,5/06/10 14:00,2010,126,1400,366.13,61.6,0.1673,11.4,49.99,1873.5,100,586.2,0.8,45,0,1.3805,14.35356758,14.35356758,0.6,0.97,296.483
5/6/2010,14:30,5/06/10 14:30,2010,126,1430,367.02,62.9,0.1854,11.4,49.8,1903.5,100,518.4,0.8,45,0,1.3411,12.49601545,12.49601545,0.6,0.97,296.483
5/6/2010,15:00,5/06/10 15:00,2010,126,1500,365.36,60.38,0.1453,11,49.86,1861.5,100,398.9,-0.252,45,0,1.4507,13.5249551,13.5249551,0.6,0.97,296.483
5/6/2010,15:30,5/06/10 15:30,2010,126,1530,365.59,61.15,0.1326,11,49.48,1585,100,221,-9.747,45,0,1.425,13.08263839,13.08263839,0.6,0.97,296.483
5/6/2010,16:00,5/06/10 16:00,2010,126,1600,366.33,65.83,0.0797,11,47.78,1122,100,278.1,-9.747,45,0,1.2382,9.817862294,9.817862294,0.6,0.97,296.483
5/6/2010,16:30,5/06/10 16:30,2010,126,1630,364.98,64.41,0.1171,11,45.51,1020.5,100,123.7,18.652,45,0,1.2695,7.966941018,7.966941018,0.6,0.97,296.483
5/6/2010,17:00,5/06/10 17:00,2010,126,1700,366.69,62.69,0.104,10.6,44.76,1181,100,77.5,18.652,45,0,1.3594,9.534341891,9.534341891,0.6,0.97,296.483
5/6/2010,17:30,5/06/10 17:30,2010,126,1730,367.84,57.18,0.0895,10.6,43.87,938,100,28.74,18.652,45,0,1.5744,9.247491154,9.247491154,0.6,0.97,296.483
5/6/2010,18:00,5/06/10 18:00,2010,126,1800,369.87,61.66,0.0939,9.9,42.35,713.5,100,5.623,-1.997,45,0,1.3886,8.554669136,8.554669136,0.6,0.97,296.483
5/6/2010,18:30,5/06/10 18:30,2010,126,1830,372.33,62.44,0.0856,9.9,40.03,484,100,-19.28,-1.997,45,0,1.3248,5.890774979,5.890774979,0.6,0.97,296.483
5/6/2010,19:00,5/06/10 19:00,2010,126,1900,376.34,64.13,0.1958,8.5,36.98,265.15,100,-30.8,4.649,45,0,1.2258,3.336774646,3.336774646,0.6,0.97,296.483
5/6/2010,19:30,5/06/10 19:30,2010,126,1930,378.79,68.08,0.1697,8.5,33.66,88.9,100,-32.84,-3.211,45,0,1.0398,1.608355328,1.608355328,0.6,0.97,296.483
5/6/2010,20:00,5/06/10 20:00,2010,126,2000,383.28,72.16,0.1519,8.2,30.26,9.07,100,-30.13,-3.211,45,0,0.8512,0.454626868,0.454626868,0.6,0.97,296.483
5/6/2010,20:30,5/06/10 20:30,2010,126,2030,384.55,74.3,0.1521,8.2,27.66,0,100,-30.67,12.022,45,0,0.7669,0.153840192,0.153840192,0.6,0.97,296.483
5/6/2010,21:00,5/06/10 21:00,2010,126,2100,385.27,76.17,0.1413,7.9,25.89,0,100,-27.1,0.517,45,0,0.7069,0.094998287,0.094998287,0.6,0.97,296.483
5/6/2010,21:30,5/06/10 21:30,2010,126,2130,381.16,74.52,0.1663,7.9,24.66,0,100,-25.06,0.383,45,0,0.7523,0.078138772,0.078138772,0.6,0.97,296.483
5/6/2010,22:00,5/06/10 22:00,2010,126,2200,387.94,76.72,0.1479,7.5,23.75,0,100,-23.79,0.383,45,0,0.6762,0,0,0.6,0.97,296.483
5/6/2010,22:30,5/06/10 22:30,2010,126,2230,392.2,77.79,0.1433,7.5,23.1,0,100,-18.56,2.89,45,0,0.6299,0,0,0.6,0.97,296.483
5/6/2010,23:00,5/06/10 23:00,2010,126,2300,391.2,77.65,0.1703,7.1,22.67,0,100,-20.23,31.634,45,0,0.6349,0,0,0.6,0.97,296.483
5/6/2010,23:30,5/06/10 23:30,2010,126,2330,391.5,78.34,0.2052,7.1,22.31,0,100,-18.92,-6.442,45,0,0.6108,0,0,0.6,0.97,296.483
5/7/2010,0:00,5/07/10 00:00,2010,127,0,392.8,79.33,0.2409,6.9,22.06,0,100,-20.07,6.853,45,0,0.5718,0,0,0.6,0.97,296.483
5/7/2010,0:30,5/07/10 00:30,2010,127,30,390.73,79.6,0.2653,6.9,21.86,0,100,-18.4,6.853,45,0,0.5616,0,0,0.6,0.97,296.483
5/7/2010,1:00,5/07/10 01:00,2010,127,100,387.57,79.82,0.2835,6.4,21.72,0,100,-22.63,31.844,45,0,0.5591,0,0,0.6,0.97,296.483
5/7/2010,1:30,5/07/10 01:30,2010,127,130,384.05,79.26,0.2758,6.4,21.7,0,100,-21.24,20.463,45,0,0.5763,0,0,0.6,0.97,296.483
5/7/2010,2:00,5/07/10 02:00,2010,127,200,382.85,77.87,0.3107,6.3,21.72,0,100,-30.65,39.595,45,0,0.625,0,0,0.6,0.97,296.483
5/7/2010,2:30,5/07/10 02:30,2010,127,230,382.28,77.38,0.2742,6.3,21.78,0,100,-22.79,42.821,45,0,0.649,0,0,0.6,0.97,296.483
5/7/2010,3:00,5/07/10 03:00,2010,127,300,383.09,76.23,0.2899,6,21.84,0,100,-18.7,51.416,45,0,0.6792,0,0,0.6,0.97,296.483
5/7/2010,3:30,5/07/10 03:30,2010,127,330,382.92,74.71,0.2964,6,21.95,0,100,-14.53,54.958,45,0,0.7318,0,0,0.6,0.97,296.483
5/7/2010,4:00,5/07/10 04:00,2010,127,400,378.96,73.48,0.2595,5.7,22.08,0,100,-9.59,67.844,45,0,0.7739,0,0,0.6,0.97,296.483
5/7/2010,4:30,5/07/10 04:30,2010,127,430,374.12,73.63,0.2428,5.7,22.28,0,100,-9.26,62,45,0,0.7726,0.016749337,0.016749337,0.6,0.97,296.483
5/7/2010,5:00,5/07/10 05:00,2010,127,500,374.64,71.68,0.2289,5.5,22.56,0,100,-9.28,44.409,45,0,0.8306,0.023441297,2.34E-02,0.6,0.97,296.483
5/7/2010,5:30,5/07/10 05:30,2010,127,530,376.17,74.88,0.2134,5.5,22.5,0,100,-5.641,51.196,45,0,0.7365,0.030532777,3.05E-02,0.6,0.97,296.483
5/7/2010,6:00,5/07/10 06:00,2010,127,600,376.17,77.34,0.2248,5.8,22.31,0.13,100,-0.331,51.906,45,0,0.6573,0.010545745,0.010545745,0.6,0.97,296.483
5/7/2010,6:30,5/07/10 06:30,2010,127,630,412.48,76.55,0.2173,5.8,22.14,16.52,100,8.42,44.516,45,0,0.6722,0.016749337,0.016749337,0.6,0.97,296.483
5/7/2010,7:00,5/07/10 07:00,2010,127,700,401.32,74.85,0.2015,7.5,22.36,127.15,100,21.51,40.268,45,0,0.7359,0.135396877,0.135396877,0.6,0.97,296.483
5/7/2010,7:30,5/07/10 07:30,2010,127,730,383.61,72.67,0.1873,7.5,24.16,354.5,100,58.47,26.585,45,0,0.8469,1.265810017,1.265810017,0.6,0.97,296.483
5/7/2010,8:00,5/07/10 08:00,2010,127,800,375.38,72.62,0.1414,9.3,26.53,482.25,100,49.04,26.585,45,0,0.8659,3.808094427,3.808094427,0.6,0.97,296.483
5/7/2010,8:30,5/07/10 08:30,2010,127,830,373.13,68.95,0.0743,9.3,29.12,780.8,100,49.05,26.585,45,0,1.0066,6.983910295,6.983910295,0.6,0.97,296.483
5/7/2010,9:00,5/07/10 09:00,2010,127,900,367.6,68.81,0.0979,10.2,32.08,1000.5,100,89.6,26.585,45,0,1.0342,9.983870231,9.983870231,0.6,0.97,296.483
5/7/2010,9:30,5/07/10 09:30,2010,127,930,365.49,70.9,0.1275,10.2,34.54,949.5,100,80,-3.022,45,0,0.968,10.07070226,10.07070226,0.6,0.97,296.483
5/7/2010,10:00,5/07/10 10:00,2010,127,1000,362.95,70.86,0.1478,10.6,36.57,1143,100,53.63,-2.042,45,0,0.9781,9.679055959,9.679055959,0.6,0.97,296.483
5/7/2010,10:30,5/07/10 10:30,2010,127,1030,361.47,70.82,0.1188,10.6,39.17,1452,100,71.8,1.84,45,0,1.0064,10.3462719,10.3462719,0.6,0.97,296.483
5/7/2010,11:00,5/07/10 11:00,2010,127,1100,362.09,71.69,0.1387,11,38.68,1372.5,100,106.4,-9999,45,0,0.9767,11.40168433,11.40168433,0.6,0.97,296.483
5/7/2010,11:30,5/07/10 11:30,2010,127,1130,361.71,68.56,0.1575,11,41.1,1715.5,100,161.7,-3.566,45,0,1.1135,12.98753007,12.98753007,0.6,0.97,296.483
5/7/2010,12:00,5/07/10 12:00,2010,127,1200,362,71.23,0.0707,11.4,42.75,1487.5,100,273.5,-3.566,45,0,1.0129,11.08881561,11.08881561,0.6,0.97,296.483
5/7/2010,12:30,5/07/10 12:30,2010,127,1230,362.29,70.91,0.0896,11.4,45.14,1843,100,130.4,-0.504,45,0,1.048,13.48287256,13.48287256,0.6,0.97,296.483
5/7/2010,13:00,5/07/10 13:00,2010,127,1300,362.73,71.43,0.1073,11.4,47.32,2067.5,100,163.1,-2.017,45,0,1.0322,13.02637323,13.02637323,0.6,0.97,296.483
5/7/2010,13:30,5/07/10 13:30,2010,127,1330,365.3,70.79,0.0979,11.4,49.67,2064,100,150.4,8.573,45,0,1.0904,12.65689116,12.65689116,0.6,0.97,296.483
5/7/2010,14:00,5/07/10 14:00,2010,127,1400,366.13,71.32,0.0718,11.3,50.69,1834.5,100,167,8.573,45,0,1.076,12.29200143,12.29200143,0.6,0.97,296.483
5/7/2010,14:30,5/07/10 14:30,2010,127,1430,367.02,71.91,0.0818,11.3,51.48,1951.5,100,93,8.573,45,0,1.053,10.62509034,10.62509034,0.6,0.97,296.483
5/7/2010,15:00,5/07/10 15:00,2010,127,1500,365.36,72.51,0.0533,11,51.55,1773.5,100,99.1,8.573,45,0,1.0349,9.898266288,9.898266288,0.6,0.97,296.483
5/7/2010,15:30,5/07/10 15:30,2010,127,1530,365.59,70.35,0.0525,11,51.15,1621.5,100,61.07,8.573,45,0,1.1223,9.798066211,9.798066211,0.6,0.97,296.483
5/7/2010,16:00,5/07/10 16:00,2010,127,1600,366.33,69.49,0.0514,10.9,50.3,1453,100,96.1,8.573,45,0,1.1759,9.062718205,9.062718205,0.6,0.97,296.483
5/7/2010,16:30,5/07/10 16:30,2010,127,1630,364.98,69.49,0.0649,10.9,49.48,1387,100,96.6,8.573,45,0,1.1722,9.446485935,9.446485935,0.6,0.97,296.483
5/7/2010,17:00,5/07/10 17:00,2010,127,1700,366.69,73.55,0.0309,10.5,47.72,1006.45,100,54.43,-5.142,45,0,1.0063,7.613098484,7.613098484,0.6,0.97,296.483
5/7/2010,17:30,5/07/10 17:30,2010,127,1730,367.84,72.17,0.0281,10.5,45.79,909,100,58.5,-5.142,45,0,1.0409,4.194878188,4.194878188,0.6,0.97,296.483
5/7/2010,18:00,5/07/10 18:00,2010,127,1800,369.87,73.75,0.0574,9.9,43.66,596.4,100,25.6,-5.142,45,0,0.9705,3.01167522,3.01167522,0.6,0.97,296.483
5/7/2010,18:30,5/07/10 18:30,2010,127,1830,372.33,77.71,0.0329,9.9,40.35,271.55,100,-0.894,-5.142,45,0,0.777,1.593145941,1.593145941,0.6,0.97,296.483
5/7/2010,19:00,5/07/10 19:00,2010,127,1900,376.34,78.92,0.0445,8.4,37.14,166.15,100,-8.21,-5.142,45,0,0.7216,0.078966123,0.078966123,0.6,0.97,296.483
5/7/2010,19:30,5/07/10 19:30,2010,127,1930,378.79,80.4,0.0352,8.4,34.15,72.71,100,-7.37,-5.142,45,0,0.6637,0,0,0.6,0.97,296.483
5/7/2010,20:00,5/07/10 20:00,2010,127,2000,383.28,82.05,0.057,8.1,31.72,8.6,100,-6.816,-5.142,45,0,0.6032,0,0,0.6,0.97,296.483
5/7/2010,20:30,5/07/10 20:30,2010,127,2030,384.55,82.1,0.064,8.1,29.75,0,100,-13.66,-5.142,45,0,0.5957,0,0,0.6,0.97,296.483
5/7/2010,21:00,5/07/10 21:00,2010,127,2100,385.27,83.15,0.066,7.7,28.49,0,100,-35.5,-5.142,45,0,0.5575,0,0,0.6,0.97,296.483
5/7/2010,21:30,5/07/10 21:30,2010,127,2130,381.16,82.55,0.0612,7.7,27.59,0,100,-41.68,-5.142,45,0,0.5761,0,0,0.6,0.97,296.483
5/7/2010,22:00,5/07/10 22:00,2010,127,2200,387.94,83.8,0.0522,7.3,26.93,0,100,-39.37,-5.142,45,0,0.5326,0,0,0.6,0.97,296.483
5/7/2010,22:30,5/07/10 22:30,2010,127,2230,392.2,84.8,0.1007,7.3,26.56,0,100,-40.06,-31.284,45,0,0.4977,0,0,0.6,0.97,296.483
5/7/2010,23:00,5/07/10 23:00,2010,127,2300,391.2,82.15,0.0942,7,26.53,0,100,-5.391,-31.284,45,0,0.5878,0,0,0.6,0.97,296.483
5/7/2010,23:30,5/07/10 23:30,2010,127,2330,391.5,81.1,0.1603,7,26.56,0,100,-1.211,-31.284,45,0,0.6262,0,0,0.6,0.97,296.483
